,name,latitude,longitude,delivery_review_number,location
0,Cafe Delhi Heights,12.9724788000,77.6071299000,44,"Forum Rex Walk, Bangalore"
1,Ouro,12.9724394053,77.6068553589,0,"Forum Rex Walk, Bangalore"
2,The Bier Library,12.9389827298,77.6262697577,695,"Koramangala 6th Block, Bangalore"
3,Bombay Borough,12.9667750000,77.6083056000,55,"Richmond Road, Bangalore"
4,Pangeo,12.9726391000,77.6065987000,0,"Forum Rex Walk, Bangalore"
5,Over Coffee Cafe & Wine Bar,12.9749781000,77.5995181000,15,"Lavelle Road, Bangalore"
6,Farzi Cafe,12.9721921000,77.5958051000,144,"UB City, Bangalore"
7,Mayuri,12.9129220075,77.5858133286,"3,146","JP Nagar, Bangalore"
8,ShakesBierre,12.9710730531,77.6069598645,117,"Eva Mall, Brigade Road, Bangalore"
9,No Limmits Lounge And Club,12.9701866573,77.6107833534,0,"Brigade Road, Bangalore"
10,Sarjapur SOCIAL,12.9100295081,77.6855392009,"3,376","Sarjapur Road, Bangalore"
11,KOKO,12.9602510000,77.6477280000,4,"Old Airport Road, Bangalore"
12,Feast - Sheraton Grand Bangalore Hotel at Brigade Gateway,13.0128107763,77.5550356507,112,"Sheraton Grand Bangalore Hotel at Brigade Gateway, Bangalore"
13,Lono,12.9752230294,77.6471403614,112,"Indiranagar, Bangalore"
14,Toit,12.9792507467,77.6405545324,"1,051","Indiranagar, Bangalore"
15,Foo Brigade Road,12.9724479000,77.6068567000,304,"Forum Rex Walk, Bangalore"
16,RCB Bar & Cafe,12.9754919162,77.6029254869,201,"1 Sobha, Bangalore"
17,2 MOONS,12.9732638682,77.6203679189,2,"1 MG Road Mall, MG Road, Bangalore"
18,Roxie,12.9151978000,77.6658216000,73,"Sarjapur Road, Bangalore"
19,Maffei Kitchen,12.9350682835,77.6228172032,357,"Koramangala 5th Block, Bangalore"
20,Amintiri,12.9736780000,77.6033060000,0,"Church Street, Bangalore"
21,Citrus - The Leela Palace,12.9609526625,77.6491996273,142,"The Leela Palace, Old Airport Road, Bangalore"
22,Long Boat Brewing Co.,12.9520476337,77.7003846423,647,"Marathahalli, Bangalore"
23,Muro,12.9744070316,77.6031185938,0,"Church Street, Bangalore"
24,Ministry of Food - Hilton Bangalore Embassy GolfLinks,12.9491174099,77.6455068961,212,"Hilton Bangalore Embassy GolfLinks, Domlur, Bangalore"
25,Jugni Kitchen & Bar,12.9360187778,77.6216095304,0,"Koramangala 5th Block, Bangalore"
26,Oia,13.0737438079,77.6525560905,0,"Hennur, Bangalore"
27,Just BLR,12.9732793377,77.6073094060,0,"Brigade Road, Bangalore"
28,Tim Hortons,12.9399105551,77.6196683300,537,"Koramangala 8th Block, Bangalore"
29,Jook Taproom,12.9833046000,77.6402794000,49,"Indiranagar, Bangalore"
30,Jamavar - The Leela Palace,12.9610343461,77.6491647586,0,"The Leela Palace, Old Airport Road, Bangalore"
31,XOOX Brewmill,12.9355347012,77.6152140275,175,"Koramangala 5th Block, Bangalore"
32,Uru Brewpark,12.9061650558,77.6016219333,"4,083","JP Nagar, Bangalore"
33,Feast - Sheraton Grand Bengaluru Whitefield Hotel & Convention Centre,12.9889036000,77.7291611000,103,"Sheraton Grand Bengaluru, Whitefield, Bangalore"
34,K-OS TheGameBar,12.9350422618,77.6134323701,21,"Koramangala 7th Block, Bangalore"
35,Ironhill Bengaluru,12.9509635398,77.6994350553,152,"Marathahalli, Bangalore"
36,Terrace By House Of Commons,12.9142671014,77.5859139115,0,"JP Nagar, Bangalore"
37,Macaw By Stories,12.8842531703,77.6434420334,18,"Bommanahalli, Bangalore"
38,The Pizza Bakery,12.9336550000,77.6148200000,856,"Koramangala 5th Block, Bangalore"
39,North Star Cafe,12.9118042456,77.6389737266,21,"HSR, Bangalore"
40,Grazers Resto - Bar,12.9328970186,77.5841553882,"3,331","Jayanagar, Bangalore"
41,Stories Brewery & Kitchen,12.9058268113,77.6084169745,435,"BTM, Bangalore"
42,Zen - The Leela Palace,12.9600891022,77.6485833898,0,"The Leela Palace, Old Airport Road, Bangalore"
43,Homiga,12.9724763845,77.6069687438,0,"Forum Rex Walk, Bangalore"
44,The Weekly Brewhouse & Kitchen,12.9350520648,77.6088811115,11,"Hosur Road, Bangalore"
45,Asia Alive - DoubleTree Suites By Hilton,12.9189900000,77.6652830000,144,"DoubleTree Suites By Hilton, Sarjapur, Bangalore"
46,Chowman,,,"8,383","Indiranagar, Bangalore"
47,The Hole In The Wall Cafe,12.9345047273,77.6255341619,"7,912","Koramangala 4th Block, Bangalore"
48,Geometry Brewery & Kitchen,13.0080250710,77.5570546836,44,"Malleshwaram, Bangalore"
49,Quattro - The Leela Bhartiya City Bengaluru,13.0844403000,77.6428949000,259,"The Leela - Bhartiya City, Bangalore"
50,1131 Bar + Kitchen By House Of Commons,12.9699422690,77.6415288448,396,"Indiranagar, Bangalore"
51,Lush - Renaissance Hotel,,,144,"Renaissance Hotel, Race Course Road, Bangalore"
52,The Terrace at Gilly's Redefined,12.9335933669,77.6233997941,6,"Gilly's Redefined, Koramangala 4th Block, Bangalore"
53,Biergarten,12.9824531406,77.7086497843,"2,442","Whitefield, Bangalore"
54,Cafe Grey By Dongle & Co,,,250,"Indiranagar, Bangalore"
55,F5,,,0,"Embassy Manyata Business Park,  Nagawara , Bangalore"
56,154 Breakfast Club,12.9065510135,77.5925409794,647,"JP Nagar, Bangalore"
57,Street 1522,12.9033077389,77.7044285253,33,"Sarjapur Road, Bangalore"
58,The Market - The Ritz-Carlton,12.9672761000,77.6018209000,60,"The Ritz-Carlton, Bangalore"
59,Daddy,12.9699481500,77.6399108022,142,"Indiranagar, Bangalore"
60,SLAY Coffee Bar,12.9569887909,77.7326504526,"1,140","Miraya Rose, Bangalore"
61,Phurr,12.9328548629,77.5829553031,0,"Jayanagar, Bangalore"
62,The Kind Roastery & Brew Room,12.9105273000,77.5895549000,57,"JP Nagar, Bangalore"
63,The Square - Novotel,12.9294462916,77.6834259555,0,"Novotel Bengaluru, Marathahalli, Bangalore"
64,Tastique,13.0404433000,77.6193776000,12,"Nagawara, Bangalore"
65,Brik Oven,,,"2,393","Indiranagar, Bangalore"
66,Magique,12.9376839733,77.6269684302,9,"Koramangala 6th Block, Bangalore"
67,Melange,12.9497656808,77.6992918924,21,"Radisson Blu, Marathahalli, Bangalore"
68,Nusa,,,0,"Varthur Main Road, Whitefield, Bangalore"
69,Restaurant Chef Pillai,12.9706523000,77.6069890000,433,"Brigade Road, Bangalore"
70,Secret Story,12.9699370414,77.6391929761,0,"Indiranagar, Bangalore"
71,Mykos Craft Kitchen & Bar,12.8975904005,77.5997519668,0,"Bannerghatta Road, Bangalore"
72,Tuk Tuk Thai - Pure Veg Asian Fine Dine,12.9333935000,77.6223162000,140,"Koramangala 5th Block, Bangalore"
73,The Verandah Koramangala,12.9289770000,77.6274130000,0,"Koramangala 3rd Block, Bangalore"
74,Truffles,12.9335002373,77.6143047586,17.5K,"Koramangala 5th Block, Bangalore"
75,46 Ounces,12.9935692748,77.6609363262,97,"RMZ Infinity, Old Madras Road, Bangalore"
76,The Rameshwaram Cafe,,,0,"Indiranagar, Bangalore"
77,BLR Brewing Co,,,0,"Whitefield, Bangalore"
78,Smoor,12.9700788390,77.6413471252,"7,990","Indiranagar, Bangalore"
79,Sky Garden,12.9941293424,77.7038003504,57,"Whitefield, Bangalore"
80,Miso Sexy,,,28,"Indiranagar, Bangalore"
81,One8 Commune,12.9762151641,77.5991868467,0,"Lavelle Road, Bangalore"
82,Spice It - Ibis Hotel,13.0384657000,77.6131195000,0,"Hebbal, Bangalore"
83,Deck Of Brews,12.9326679519,77.6967126131,0,"Kadubeesanahalli, Bangalore"
84,The Creek - The Den Bengaluru,12.9875931546,77.7334105968,0,"The Den, Whitefield, Bangalore"
85,Theo Cafe,13.0544590237,77.6446212773,30,"Hennur, Bangalore"
86,Aurum Brew Works,12.9107040246,77.6856448129,"1,559","Sarjapur Road, Bangalore"
87,The Coffee Brewery,12.9356695063,77.6252309192,26,"Koramangala 4th Block, Bangalore"
88,The Caffeine Baar,12.9164301515,77.5929117948,533,"Jayanagar, Bangalore"
89,Raahi,12.9730843398,77.6024282724,258,"St. Marks Road, Bangalore"
90,Float Brewery,13.0224518135,77.6434177905,121,"Kalyan Nagar, Bangalore"
91,Harley's Fine Baking,12.9105133000,77.5892729000,441,"JP Nagar, Bangalore"
92,Bramble,,,4,"Jayanagar, Bangalore"
93,Hard Rock Cafe,,,304,"St. Marks Road, Bangalore"
94,Sashay-Taproom Kitchen,12.9759844000,77.7178765000,0,"Whitefield, Bangalore"
95,The Black Pearl,12.9393029575,77.6947304606,101,"Kadubeesanahalli, Bangalore"
96,Red Rhino,13.0247030988,77.7614996955,"6,681","Whitefield, Bangalore"
97,Byg Brewski Brewing Company,12.9129040336,77.6828858256,25.2K,"Sarjapur Road, Bangalore"
98,Nook,12.9373822387,77.6935620233,235,"Aloft Bengaluru Cessna Business Park, Kadubeesanahalli, Bangalore"
99,Taproom By Sherlock's,12.9060425035,77.5851880386,106,"JP Nagar, Bangalore"
100,Zoey's,12.8975398405,77.7176392078,"5,507","Sarjapur Road, Bangalore"
101,Moglu - The Edgy Veggie Restaurant,12.9752592510,77.6019362307,0,"St. Marks Road, Bangalore"
102,High Ultra Lounge,13.0108138581,77.5542504340,0,"Sheraton Grand Bangalore Hotel at Brigade Gateway, Bangalore"
103,Caraway Kitchen - Conrad Bengaluru,12.9753138563,77.6201335341,9,"Conrad Bengaluru, Ulsoor, Bangalore"
104,Fox In The Field,12.9898498000,77.7282498000,289,"Forum Shantiniketan Mall, Whitefield, Bangalore"
105,TYD,13.0543715000,77.6464136000,58,"Hennur, Bangalore"
106,Kana By Coffee Mechanics,13.0344380558,77.6383274320,66,"HBR Layout, Bangalore"
107,Kari Theory - Namma Bar & Kitchen,12.9749662308,77.6191230118,1,"Radisson Bangalore City Centre, Ulsoor, Bangalore"
108,The Coffee Brewery,13.0145550066,77.6490482297,313,"Kalyan Nagar, Bangalore"
109,Lavonne,12.9667243578,77.6368168741,908,"Indiranagar, Bangalore"
110,Cuppa Redefined,12.9120847515,77.6322710000,432,"HSR, Bangalore"
111,TBC- Sky Lounge,12.9228881450,77.6515445486,382,"HSR, Bangalore"
112,Butterfly Brew Bite & Fly,12.9079262077,77.5994167432,0,"JP Nagar, Bangalore"
113,Backstreet Brewery,12.9210334828,77.6958110425,416,"Sarjapur Road, Bangalore"
114,Gold Rush Brews,13.0193302470,77.7074762992,281,"KR Puram, Bangalore"
115,Masala Mandi,12.9107338000,77.6855745000,"3,428","Sarjapur Road, Bangalore"
116,JW Kitchen - JW Marriott Bengaluru,12.9719213000,77.5949239000,256,"JW Marriott Bengaluru, Lavelle Road, Bangalore"
117,Neo Kitchen,13.0416844000,77.6202864000,0,"Embassy Manyata Business Park,  Nagawara , Bangalore"
118,The Watering Hole,12.9055351825,77.6096042874,0,"BTM, Bangalore"
119,Orah Brew Garden,13.0984060783,77.5734735439,1,"Yelahanka, Bangalore"
120,Nuage,12.9698831322,77.6407241821,123,"Indiranagar, Bangalore"
121,Zodiac Bar & Kitchen,12.9557761565,77.7117544413,1,"Brookefield, Bangalore"
122,Hoot,12.9141491282,77.6783267409,499,"Sarjapur Road, Bangalore"
123,Buff Buffet Buff,12.9333773717,77.6153025404,37,"BluPetal Hotel, Koramangala, Bangalore"
124,Indian Biere House,12.9061270000,77.5956010000,1,"JP Nagar, Bangalore"
125,Boho,12.9658336991,77.7181290463,53,"Brookefields Mall, Brookefield, Bangalore"
126,The Scene - Craft Kitchen & Bar,12.9065768843,77.5802648346,0,"JP Nagar, Bangalore"
127,The French Treaty,13.1271551000,77.5668622000,0,"Yelahanka, Bangalore"
128,Bombay Curry House,13.0419460000,77.6201890000,0,"Embassy Manyata Business Park,  Nagawara , Bangalore"
129,Mitico Coffee Roasters,12.9332504214,77.6150856047,69,"Koramangala 5th Block, Bangalore"
130,Elysium By Stories,12.9155600000,77.6780200000,0,"Sarjapur Road, Bangalore"
131,Flo,12.9744251886,77.6068488881,28,"Church Street, Bangalore"
132,Nevermind - Bar & Social,12.9705225275,77.6459712535,120,"Indiranagar, Bangalore"
133,Oyster Bar & Kitchen,12.9118602409,77.6380728185,503,"HSR, Bangalore"
134,Umbaa Pub And Kitchen,12.9834195354,77.7528948015,0,"ITPL Main Road, Whitefield, Bangalore"
135,Jamming Goat 3.0,12.9062438000,77.5899888000,24,"JP Nagar, Bangalore"
136,24@43 - The Oterra,12.8499248882,77.6603760570,0,"The Oterra, Hosur Road, Bangalore"
137,Cafe Noir,12.9700235463,77.6362674933,205,"Indiranagar, Bangalore"
138,BANOFFEE,12.9148716724,77.6382515207,"5,850","HSR, Bangalore"
139,Paper And Pie,12.9810757000,77.6409584000,0,"Indiranagar, Bangalore"
140,Haldiram's Restaurant,12.9124017863,77.6393427530,"2,337","HSR, Bangalore"
141,Stories Bar & Kitchen,12.9135345272,77.5855638874,649,"JP Nagar, Bangalore"
142,Backyard Burgers And Grill,12.9749286000,77.6412137000,"1,188","Indiranagar, Bangalore"
143,Singapore Street,13.0222205428,77.6374012604,"1,024","Kammanahalli, Bangalore"
144,Mary Jane's Bakery & Deli,12.9142216768,77.6668867035,3,"Shubh Enclave, Bangalore"
145,Hitchki,12.9093648000,77.6872468000,408,"Sarjapur Road, Bangalore"
146,Mirage,12.9750900888,77.6024560883,0,"1 Sobha, Bangalore"
147,Cafe Gujjubhai,12.8906000000,77.7255000000,595,"Sarjapur Road, Bangalore"
148,Cafe Palmyra,12.9640945202,77.7396990359,0,"Palm Meadows Club, Whitefield, Bangalore"
149,La Utsav - Grand Mercure,12.9927172000,77.6605853000,29,"Grand Mercure, Bangalore"
150,Badmaash,12.9351899610,77.6137984917,6,"Koramangala 5th Block, Bangalore"
151,BumbleBee Brauhaus,12.9693126738,77.6414118335,68,"Indiranagar, Bangalore"
152,153 Biere Street,12.9631143276,77.7509458736,463,"Whitefield, Bangalore"
153,Plan B X Hangover,12.9120507644,77.6506781951,303,"HSR, Bangalore"
154,Sunburn Union,12.9451816759,77.6201355002,0,"Koramangala 6th Block, Bangalore"
155,Hashtag 88,12.9470783000,77.6992614000,0,"Marathahalli, Bangalore"
156,Gawky Goose,12.9542251115,77.6529131457,874,"Old Airport Road, Bangalore"
157,Candles  Brewhouse,13.0555390000,77.5940880000,15,"RMZ Azure, Bangalore"
158,Kaara By The Lake,12.9865810379,77.6194428653,0,"Ulsoor, Bangalore"
159,Brahma Brews,12.8933623000,77.5864543000,"1,783","JP Nagar, Bangalore"
160,Chalukya Samrat Cafe Since 1977,12.9750423556,77.6025714353,469,"1 Sobha, Bangalore"
161,Pijja,12.9699823213,77.6479129000,0,"Indiranagar, Bangalore"
162,The Fisherman's Wharf,12.9144504336,77.6662544534,"1,889","Sarjapur Road, Bangalore"
163,The Fixx,12.9323624204,77.6316603273,9,"Koramangala 4th Block, Bangalore"
164,Glen's Bakehouse,12.9792863582,77.6407111064,"9,666","Indiranagar, Bangalore"
165,Teatings,12.9129965172,77.6353245601,3,"HSR, Bangalore"
166,Brother Barley Brewing Company,12.9121425948,77.6368004456,115,"HSR, Bangalore"
167,Vapour Brewpub And Diner,12.9141674288,77.6772897318,376,"Sarjapur Road, Bangalore"
168,Omega IX Cocktail Bar And Global Kitchen,13.0599373908,77.5928168702,63,"Sahakara Nagar, Bangalore"
169,Shiro,12.9717761558,77.5964824855,876,"UB City, Bangalore"
170,Skyline Rooftop Bar & Kitchen,12.9794592000,77.6954060000,56,"Livin Hub Hotel, Bangalore"
171,JULIET,12.9732152227,77.6203762388,0,"1 MG Road Mall, MG Road, Bangalore"
172,Onesta,13.0214169733,77.6433483884,12.5K,"Kammanahalli, Bangalore"
173,Sstella Asian Kitchen And Bar,12.8759917000,77.5957899000,22,"Royal Meenakshi Mall, Bannerghatta Road, Bangalore"
174,Cocobolo,13.0345893047,77.5679558516,0,"New BEL Road, Bangalore"
175,Kathpal's,12.9070412513,77.6018967993,727,"Vega City, Bannerghatta Road, Bangalore"
176,Hitchki,12.9976864000,77.6971222000,511,"Phoenix Marketcity Bangalore, Whitefield, Bangalore"
177,Ambedo Kitchen|Taproom,12.9103174000,77.5980895000,0,"JP Nagar, Bangalore"
178,Gwalia,13.0023258779,77.7571266890,387,"ITPL Main Road, Whitefield, Bangalore"
179,The Rajputana,12.9643291124,77.7150002494,195,"Brookefield, Bangalore"
180,Rasta Cafe,12.7664597100,77.3327247798,0,"Mysore Road, Bangalore"
181,Tiamo - Conrad Bengaluru,12.9753122227,77.6201392338,0,"Conrad Bengaluru, Ulsoor, Bangalore"
182,White Garden,13.0237081195,77.6431488991,0,"Kalyan Nagar, Bangalore"
183,1522 - The Pub,12.9063281320,77.5759287179,"1,472","JP Nagar, Bangalore"
184,The Peak,13.0730459114,77.5952661037,0,"Sahakara Nagar, Bangalore"
185,Burma Burma - Indiranagar,12.9704637176,77.6447267085,"1,985","Indiranagar, Bangalore"
186,Mallika Biryani - Bileshivale Road,13.0559458935,77.6635238773,"6,347","Hennur, Bangalore"
187,Punjab Grill,12.9893534000,77.7283305000,"3,778","Forum Shantiniketan Mall, Whitefield, Bangalore"
188,The Pump House,12.9065503599,77.5822050869,398,"JP Nagar, Bangalore"
189,Pizza 4P's,12.9699600633,77.6360926130,0,"Indiranagar, Bangalore"
190,Pasta Street,12.9070510256,77.5988830626,"2,255","JP Nagar, Bangalore"
191,The Filter Coffee,12.9715200000,77.6470710000,"2,330","Indiranagar, Bangalore"
192,The Pallet,12.9910326215,77.7231739461,"2,622","Whitefield, Bangalore"
193,The Groot,13.0833666000,77.6435733000,29,"Bhartiya Mall of Bengaluru, Bangalore"
194,Flyover Drinkery,13.0492460720,77.5931897387,0,"Esteem Mall, Hebbal, Bangalore"
195,Geometry Gastropub,13.0368290000,77.5661050000,0,"New BEL Road, Bangalore"
196,The Persian Terrace - Sheraton Grand Bangalore Hotel at Brigade Gateway,13.0122551165,77.5546993688,0,"Sheraton Grand Bangalore Hotel at Brigade Gateway, Bangalore"
197,Burger King,12.9120448821,77.6381371915,45.4K,"HSR, Bangalore"
198,Burgermeister - Burgers Shakes & Wings,,,811,"HSR, Bangalore"
199,Tanjosh,12.9579653125,77.6383376867,2,"Domlur, Bangalore"
200,Flechazo,12.9753227621,77.6971823386,19,"Marathahalli, Bangalore"
201,Plan B,12.9351647999,77.6138021797,451,"Koramangala 7th Block, Bangalore"
202,Levels Pub & Kitchen,12.9060869492,77.5937905535,724,"JP Nagar, Bangalore"
203,"Torye Drink, Dine & Dance",12.9059600636,77.5121626440,0,"Rajarajeshwari Nagar, Bangalore"
204,Bologna,12.9717634138,77.6410128549,958,"Indiranagar, Bangalore"
205,The Soda Factory,12.9579754414,77.4877541140,220,"Nagarbhavi, Bangalore"
206,Khai Khai,12.9060787790,77.6442667097,10.1K,"HSR, Bangalore"
207,Cafe Reset Your Happy Place,12.9375842000,77.6244234000,131,"Koramangala 6th Block, Bangalore"
208,Sugar Factory Reloaded,12.9335579288,77.6142760822,4,"Koramangala 5th Block, Bangalore"
209,Geist Brewing Co.,13.0530116000,77.7594117000,198,"Old Madras Road, Bangalore"
210,Rajdhani,12.9976539838,77.6966753975,"4,566","Phoenix Marketcity Bangalore, Whitefield, Bangalore"
211,Inanna Tap Room,12.8740452146,77.6090510107,407,"Bannerghatta Road, Bangalore"
212,Dobaraa,12.9979038986,77.6964339986,272,"Phoenix Marketcity Bangalore, Whitefield, Bangalore"
213,Third Wave Coffee,12.9267304000,77.5612056000,967,"Banashankari, Bangalore"
214,Vyana Flavors Of Nature,12.9101223196,77.5953466158,106,"JP Nagar, Bangalore"
215,Toca,12.9347315049,77.6159211248,6,"Koramangala 5th Block, Bangalore"
216,Oziano,12.9417788265,77.7239454165,"7,847","Varthur Main Road, Whitefield, Bangalore"
217,Kapoor's Chaat Bhandaar,12.8924746053,77.7284421558,196,"Sarjapur Road, Bangalore"
218,Pinds Of Punjab,12.9387151000,77.6950334000,611,"Kadubeesanahalli, Bangalore"
219,Yellow Door - The Neighbourhood Kitchen,12.9336487000,77.6147617000,193,"Koramangala 5th Block, Bangalore"
220,Dock 66,12.9708343826,77.7248900637,1,"Whitefield, Bangalore"
221,Sindh Punjab,12.9606986547,77.7150016395,"1,316","Brookefield, Bangalore"
222,Yuki,12.9805363442,77.6408171380,144,"Indiranagar, Bangalore"
223,Gopaljee Cafe,12.9653888000,77.7141795000,"4,855","Brookefield, Bangalore"
224,Communiti,12.9725102949,77.6079190895,0,"Brigade Road, Bangalore"
225,A2B - Adyar Ananda Bhavan,12.9560515991,77.7215559036,32K,"Varthur Main Road, Whitefield, Bangalore"
226,Daysie - All Day Casual Bar,12.9721352000,77.6183869000,112,"MG Road, Bangalore"
227,Poco A Poco - Global Food & Music,12.9802537000,77.7511603000,20,"Whitefield, Bangalore"
228,Barrys Sky Lounge,13.0188216578,77.6548294249,43,"Kalyan Nagar, Bangalore"
229,Monsoon - The Park Bangalore,12.9740194062,77.6199903712,73,"The Park, MG Road, Bangalore"
230,Lifetree,12.9650074027,77.5982292742,43,"Richmond Road, Bangalore"
231,The Reservoire,12.9335528473,77.6222360507,799,"Koramangala 5th Block, Bangalore"
232,Brooks And Bonds Brewery,12.9341920092,77.6234534383,71,"Koramangala 5th Block, Bangalore"
233,Xochi Bar And Kitchen,12.9239730663,77.6732577011,416,"Bellandur, Bangalore"
234,Stegi - Modern Indian,12.9334789973,77.5833222270,107,"Jayanagar, Bangalore"
235,Full Circle,12.9087716477,77.5124495476,422,"Rajarajeshwari Nagar, Bangalore"
236,Down Town Tap Room,12.9731935000,77.6091250000,0,"Brigade Road, Bangalore"
237,Indigo XP,12.9327218692,77.6140925288,6,"Koramangala 5th Block, Bangalore"
238,House Of Commons,12.9121131829,77.6388778165,"1,296","HSR, Bangalore"
239,Chianti,12.8873950000,77.5633860000,322,"Forum Falcon City Mall, Kanakapura Roaad, Bangalore"
240,Grill Daddy,13.0224773000,77.6394482000,204,"Kalyan Nagar, Bangalore"
241,Mannheim Craft Brewery,12.9699093542,77.6096224147,0,"Garuda Mall, Magrath Road, Bangalore"
242,Babai Tiffins,12.8608530000,77.7765280000,"3,087","Sarjapur Road, Bangalore"
243,Kling Brewery,12.9750753899,77.6043379995,0,"Church Street, Bangalore"
244,Drink & Dine,12.9039185806,77.5139197335,278,"SG Arcade, Bangalore"
245,Maverick & Farmer Coffee,12.9353838000,77.6285339000,183,"Koramangala 4th Block, Bangalore"
246,2 Rabbits Bakes,12.9351936284,77.6176550906,0,"Koramangala 5th Block, Bangalore"
247,Thela Tapri By Sharma's Kitchen,12.9136063000,77.6040983000,"1,913","BTM, Bangalore"
248,Ishaara,12.9979038000,77.6964339000,148,"Phoenix Marketcity Bangalore, Whitefield, Bangalore"
249,Proxy,12.9909690000,77.6879753000,84,"Marathahalli, Bangalore"
250,Horizon,13.0122863000,77.5562248000,0,"World Trade Center, Bangalore"
251,Don't Tell Mama,12.9158759105,77.6347150281,0,"HSR, Bangalore"
252,Shokudo,12.9246266310,77.5858374685,158,"Jayanagar, Bangalore"
253,Kappa Chakka Kandhari,12.9406243825,77.6235007122,0,"Koramangala 6th Block, Bangalore"
254,AB's - Absolute Barbecues,12.9499444124,77.6989207417,"2,712","Marathahalli, Bangalore"
255,MoMo Cafe - Courtyard By Marriott,12.9273563268,77.6816324533,112,"Courtyard & Fairfield by Marriott, Bangalore"
256,Chai Point,12.9745869133,77.6066111773,"2,571","Church Street, Bangalore"
257,Gatsby,12.8858445900,77.5965903198,141,"Bannerghatta Road, Bangalore"
258,Hangover Brewery,12.9347373868,77.6135627925,4,"Koramangala 7th Block, Bangalore"
259,Gilly's Restobar,12.9039613926,77.6011776924,98,"Bannerghatta Road, Bangalore"
260,Celeb’s Restobar,12.9687138135,77.7354855371,0,"Brookefield, Bangalore"
261,The Irish House,12.9203483650,77.6842993498,173,"RMZ Ecoworld, Bellandur, Bangalore"
262,Dhaba - Estd 1986 Delhi,12.9705734961,77.6464047655,"2,816","Indiranagar, Bangalore"
263,21st Amendment Gastrobar,12.9659343313,77.6412891224,40,"Indiranagar, Bangalore"
264,Shelby Rooftop Taproom & Kitchen,12.9610665000,77.5093700000,6,"Nagarbhavi, Bangalore"
265,Shree Aahar,12.9010982000,77.6518768000,242,"HSR, Bangalore"
266,Essence Of Kolkata,12.9696557331,77.7494178291,224,"Whitefield, Bangalore"
267,CTR Shri Sagar - Since 1920,12.9980910894,77.5694723055,35.4K,"Malleshwaram, Bangalore"
268,Rasotsav,12.8885535341,77.5629320294,288,"Forum Falcon City Mall, Kanakapura Roaad, Bangalore"
269,Chowki Multicuisine Restaurant,12.9687904000,77.7354412000,461,"Whitefield, Bangalore"
270,Geist Brewing Co.,13.0837954191,77.6441779148,3,"Bhartiya Mall of Bengaluru, Bangalore"
271,Garden City Beer Collective,13.1416591763,77.5837695259,119,"Yelahanka, Bangalore"
272,Limelight - Royal Orchid Hotel,12.9572309000,77.6436085000,"2,772","Royal Orchid Hotel,  Old Airport Road, Bangalore"
273,Chaayos Chai+Snacks=Relax,13.0218791894,77.6397039369,"3,613","Kammanahalli, Bangalore"
274,Cable Car,12.9163566232,77.5856932998,54,"Jayanagar, Bangalore"
275,"Cha Cha Cha - Dimsum, Sushi, Stir Fry",12.9976768518,77.6964396983,167,"Phoenix Marketcity Bangalore, Whitefield, Bangalore"
276,You Mee,13.0113832411,77.5547097623,"2,791","Orion Mall, Malleshwaram, Bangalore"
277,Peep In Cafe,12.9134566138,77.6079058994,27,"BTM, Bangalore"
278,Isobel,12.9394914000,77.5846184000,14,"Jayanagar, Bangalore"
279,The Big Barbeque,12.9483508535,77.6989395171,"2,120","Marathahalli, Bangalore"
280,Public - The Rooftop Bar And Kitchen,12.8990494053,77.6057937741,257,"Bannerghatta Road, Bangalore"
281,Sidewalk Bar & Kitchen,12.9512265580,77.6994353691,"3,254","Marathahalli, Bangalore"
282,Dishkeyaun,12.9724908298,77.6068538239,0,"Forum Rex Walk, Bangalore"
283,One Night In Bangkok,12.9721965000,77.5961312000,0,"UB City, Bangalore"
284,Sly Granny,12.9706100889,77.6464547217,406,"Indiranagar, Bangalore"
285,Chili's American Grill & Bar,13.0113393000,77.5542396000,988,"Orion Mall, Malleshwaram, Bangalore"
286,The 13th Floor,12.9756261961,77.6056928560,234,"Barton Centre, Bangalore"
287,Spice Terrace - JW Marriott,12.9724037844,77.5949703902,0,"JW Marriott Bengaluru, Lavelle Road, Bangalore"
288,Secret Of Bangalore,12.9093304797,77.5274518132,252,"Rajarajeshwari Nagar, Bangalore"
289,Suku Japanese And Thai Restaurant,12.9040830000,77.6486820000,416,"HSR, Bangalore"
290,Bistro Claytopia,12.9257582744,77.6335043460,585,"Koramangala 1st Block, Bangalore"
291,Madurai Idly Shop,12.9941466570,77.7002836391,"8,194","ITPL Main Road, Whitefield, Bangalore"
292,Pincode 24 Bar & Bistro,13.0439770994,77.6008685365,0,"Hebbal, Bangalore"
293,The Spice Studio,12.9663205232,77.7140825987,560,"Brookefield, Bangalore"
294,Spettacolare,12.9796029000,77.6368187000,0,"Indiranagar, Bangalore"
295,Salt - Indian Restaurant Bar & Grill,12.9348380315,77.6115142554,"2,150","Nexus, Koramangala, Bangalore"
296,Tiger Tiger Brewhouse,12.9109041000,77.6850338000,98,"Sarjapur Road, Bangalore"
297,Foxtrot,12.9497091532,77.6992704347,484,"Marathahalli, Bangalore"
298,Reboot The Pub,12.9508110000,77.7000583000,12,"Marathahalli, Bangalore"
299,Litti Cafe,12.8998731000,77.6953686000,51,"Sarjapur Road, Bangalore"
300,Desi Dawat,12.9847980910,77.7488638000,47,"ITPL Main Road, Whitefield, Bangalore"
301,Bombay Adda,12.9361483701,77.6159466058,0,"Koramangala 7th Block, Bangalore"
302,Enne,12.9942263695,77.5712224469,21,"Malleshwaram, Bangalore"
303,Dyu Art Cafe,12.9372139546,77.6175029576,566,"Koramangala 8th Block, Bangalore"
304,You Me And Tea,12.9090617805,77.6516914423,997,"HSR, Bangalore"
305,Uncle Peter's Pancakes & Cafe,,,32,"Domlur, Bangalore"
306,Skyye,12.9715905787,77.5961539149,8,"UB City, Bangalore"
307,Fenny's Lounge And Kitchen,12.9351043478,77.6136657223,33,"Koramangala 7th Block, Bangalore"
308,Big Pitcher,12.9098128389,77.6885208115,"1,353","Sarjapur Road, Bangalore"
309,Altitude Kitchen & Bar,12.9886118010,77.5375100970,0,"Basaveshwara Nagar, Bangalore"
310,Aromas Of Biryani,12.9252890000,77.5858830000,"6,012","Jayanagar, Bangalore"
311,La Casa Brewery And Kitchen,12.9042089548,77.6757996466,"2,053","Sarjapur Road, Bangalore"
312,Barbeque Nation,12.8418001681,77.6469117031,"2,916","Electronic City, Bangalore"
313,IGNYT -The Beer Station,12.9076004000,77.5639731000,0,"Kumaraswamy Layout, Bangalore"
314,California Burrito,12.9105667685,77.6379269734,16.3K,"HSR, Bangalore"
315,Windmills,12.9824390922,77.7220809460,"1,429","Craftworks, Bangalore"
316,Barista Coffee,13.0504098734,77.6216042139,292,"Embassy Manyata Business Park,  Nagawara , Bangalore"
317,Jus' Trufs,13.0724956123,77.6038625836,"1,838","Jakkur, Bangalore"
318,Khmer Kitchen,12.9064366315,77.5865482539,"1,049","JP Nagar, Bangalore"
319,Zyng - Pan Asian Dining,12.9749943283,77.6200406626,25,"Ulsoor, Bangalore"
320,Café Siri,12.9647313166,77.7156382799,559,"Brookefield, Bangalore"
321,HoverPulse Cafe,12.9349161292,77.6295229420,42,"Koramangala 4th Block, Bangalore"
322,Sector 144,12.8419788000,77.6443473000,0,"Electronic City, Bangalore"
323,Karim's Delhi 6 - Since 1913,12.9721685464,77.6008943841,"1,357","St. Marks Road, Bangalore"
324,Sri Manjunatha Cafe,12.9309635063,77.6087039709,17,"BTM, Bangalore"
325,Lapis - The Oberoi,12.9729118324,77.6185138151,0,"The Oberoi, MG Road, Bangalore"
326,Aramana Oru Nadan Oonu Kada,12.8501703745,77.6571077853,17,"Electronic City, Bangalore"
327,Blink by Zoca,12.9965000000,77.6954000000,18,"Whitefield, Bangalore"
328,One Atria Cafe - Radisson Blu Atria,12.9804009793,77.5861811935,6,"Radisson Blu Atria, Bangalore"
329,Pinxx - Royal Orchid Central,12.9749126493,77.6154896244,246,"Royal Orchid Central, MG Road, Bangalore"
330,Great Room - Holiday Inn Express & Suites,13.0549370000,77.7628610000,450,"Hoskote, Bangalore"
331,Rajwadi,,,12.6K,"Brookefield, Bangalore"
332,Isar Ji Cafe,12.8639500000,77.6172000000,"1,139","Bommanahalli, Bangalore"
333,The Coffee Brewery,12.9792021576,77.6419330156,0,"Indiranagar, Bangalore"
334,CUR8 - Four Seasons Hotel,13.0194508302,77.5852426887,1,"Four Seasons Hotel, RT Nagar, Bangalore"
335,HumbleBean Coffee,12.9695128899,77.6358325119,99,"Indiranagar, Bangalore"
336,Monk's Bar & Social,12.9073473000,77.6011195000,8,"BTM, Bangalore"
337,Paragon Restaurant - Since 1939,12.9751190053,77.6025337049,"1,657","1 Sobha, Bangalore"
338,Haldiram's Sweets And Namkeen,12.9974624870,77.5471057728,50,"Basaveshwara Nagar, Bangalore"
339,Pizza Hut,13.0273051828,77.5934891403,"8,159","RT Nagar, Bangalore"
340,District 6 Pub Brewery & Kitchen,13.0123495233,77.5548442081,42,"Malleshwaram, Bangalore"
341,Shao,12.9497617598,77.6992969215,66,"Radisson Blu, Marathahalli, Bangalore"
342,Arbor Brewing Company,12.9702536354,77.6107478142,141,"Brigade Road, Bangalore"
343,Cafe 1617,13.0235288000,77.6398863000,19,"Kalyan Nagar, Bangalore"
344,Peepai,13.0556813441,77.5930023193,639,"Hebbal, Bangalore"
345,We: Neighborhood,12.9725410000,77.6082550000,0,"Brigade Road, Bangalore"
346,Down Town Diner,12.9731935000,77.6091250000,0,"Brigade Road, Bangalore"
347,Aroma's Hyderabad House,12.9130160000,77.6446840000,12.2K,"HSR, Bangalore"
348,The Spiceberry,12.9258916000,77.6691313000,48,"Bellandur, Bangalore"
349,Societe Rangoon,12.9065491033,77.5894585983,4,"JP Nagar, Bangalore"
350,Devaras Restaurant,13.0031024000,77.5535718000,0,"Rajajinagar, Bangalore"
351,The Aviary,13.3080035000,77.6957608000,0,"JW Marriott Bengaluru Prestige Golfshire Resort & Spa, International Airport, Bangalore"
352,Cafe Morish,12.9657464627,77.6038357615,309,"Richmond Road, Bangalore"
353,Babylonia - Global Food & Cocktails,12.9362414986,77.6157105714,26,"Koramangala 7th Block, Bangalore"
354,Seta,12.9482113308,77.6455897093,0,"Hilton Bangalore Embassy GolfLinks, Domlur, Bangalore"
355,Lord Of The Drinks,12.9958594905,77.6963967830,2,"Phoenix Marketcity Bangalore, Whitefield, Bangalore"
356,Rooftop at Raw,12.9336478000,77.6148833000,1,"Koramangala 5th Block, Bangalore"
357,Zed The Baker,12.9754327807,77.6029087231,531,"Church Street, Bangalore"
358,Blue Tokai Coffee Roasters,12.9338150104,77.6213712476,52,"Koramangala 5th Block, Bangalore"
359,Toscano,12.9566423458,77.7318200469,"3,435","Varthur Main Road, Whitefield, Bangalore"
360,Hakuna Matata,12.8940154171,77.5866649300,"4,924","JP Nagar, Bangalore"
361,Thelagram,12.9061451411,77.6009311518,58,"JP Nagar, Bangalore"
362,Conçu,12.9698699000,77.6379279000,314,"Indiranagar, Bangalore"
363,Sherlock's - Lounge & Kitchen,13.0928271217,77.5938076526,3,"Yelahanka, Bangalore"
364,Öz by Kebapci,12.9726327920,77.5957130153,0,"UB City, Bangalore"
365,Blurred,12.9341536758,77.6157663846,1,"Koramangala 5th Block, Bangalore"
366,Oota Bangalore,12.9824626151,77.7219773456,"1,112","Craftworks, Bangalore"
367,Kazé,12.9657190175,77.5967141613,0,"Lavelle Road, Bangalore"
368,LUPA,12.9757614152,77.6046183294,0,"MG Road, Bangalore"
369,Big Barrel BrewPub,12.9039398232,77.5082753599,139,"Rajarajeshwari Nagar, Bangalore"
370,Mainland China,12.9556843422,77.7252590284,"3,432","Whitefield, Bangalore"
371,Hopshaus,12.9674304134,77.7496396378,487,"Whitefield, Bangalore"
372,Spot 360 - DoubleTree Suites by Hilton,12.9191900000,77.6650470000,0,"DoubleTree Suites By Hilton, Sarjapur, Bangalore"
373,Easy Tiger,12.9743768345,77.6071546599,0,"Church Street, Bangalore"
374,Fire Station,12.8415147929,77.6474189758,"2,402","Electronic City, Bangalore"
375,Arion Biryani's,12.9312132000,77.6849676000,52,"Bellandur, Bangalore"
376,Infuse Tea & Snacks Adda,12.9484602000,77.7143883000,20,"Marathahalli, Bangalore"
377,9 Tables Restaurant,12.9312474724,77.6847942173,320,"Bellandur, Bangalore"
378,Mavalli Tiffin Room (MTR),12.9551416244,77.5855625421,0,"Basavanagudi, Bangalore"
379,Namma Mysuru Cafe,12.9386088000,77.5809065000,19,"Jayanagar, Bangalore"
380,Justbe By Nidhi Nahata,13.0072103486,77.5794424117,581,"Sadashiv Nagar, Bangalore"
381,Hungry Hippie,12.9345743291,77.6158493757,91,"Koramangala 5th Block, Bangalore"
382,Scottish Pub,12.9719519312,77.6009470224,0,"St. Marks Road, Bangalore"
383,1947,12.9266474425,77.5164832547,"2,396","Rajarajeshwari Nagar, Bangalore"
384,BurgerMan,12.9701324000,77.6371193000,505,"Indiranagar, Bangalore"
385,Lotus - Visthara Hotel,13.0599373000,77.5928168000,0,"Sahakara Nagar, Bangalore"
386,Street Storyss,12.9703225737,77.6358700544,728,"Indiranagar, Bangalore"
387,Lucky Chan - Dimsum & Sushi Parlour,12.9702092011,77.6431639865,687,"Indiranagar, Bangalore"
388,Nothing Before Coffee,12.9371495818,77.5717991218,39,"Basavanagudi, Bangalore"
389,Sproutive,12.9019412000,77.6757780000,13,"Sarjapur Road, Bangalore"
390,Kairali Kitchen And Restaurant,12.8565499142,77.7819626243,226,"Attibele, Bangalore"
391,Sri Annapoorna Devi Andhra Deluxe Mess,12.9185691000,77.6852713000,236,"Bellandur, Bangalore"
392,Namma Madurai,12.9575830284,77.7088787779,15.2K,"Marathahalli, Bangalore"
393,Fia's Lounge,12.9659759933,77.6027837285,0,"Richmond Road, Bangalore"
394,46 Ounces Brewgarden,12.8496703000,77.6578841000,625,"Electronic City, Bangalore"
395,Boteco Restaurante Brasileiro,12.9705370069,77.6104742178,0,"MG Road, Bangalore"
396,Range Dine In & Kitchen,12.8795714302,77.5166596100,5,"Kanakapura Road, Bangalore"
397,Maya,12.9218385118,77.5848406926,134,"Jayanagar, Bangalore"
398,Kyba- Sushi Dim Sums & More,13.0599104176,77.5928461459,402,"Sahakara Nagar, Bangalore"
399,Bhola & Blonde,12.9700928880,77.6391778886,30,"Indiranagar, Bangalore"
400,Chili's Grill & Bar,12.9807665000,77.5636663000,73,"Lulu Mall, Bangalore"
401,Nanav Store & Cafe,12.9672739116,77.6421055198,23,"Indiranagar, Bangalore"
402,Shift Lounge,12.9523084000,77.6400124000,0,"Domlur, Bangalore"
403,Bombay Brasserie,12.9703506718,77.6458730176,749,"Indiranagar, Bangalore"
404,Chapter One Bar | Maiin,13.0323492151,77.5697100163,266,"New BEL Road, Bangalore"
405,Sweets Of India,12.9145569689,77.6056583226,11,"BTM, Bangalore"
406,Venkateshwara Hotel,12.9308517497,77.6034086198,19,"Hosur Road, Bangalore"
407,Jagli Tindi,12.9204290815,77.5972469151,100,"Jayanagar, Bangalore"
408,Belur Cafe,13.0488817000,77.5103917000,43,"Jalahalli, Bangalore"
409,Bob's Bar,12.9671079348,77.6412827522,"2,835","Indiranagar, Bangalore"
410,Salvadores,12.9732940929,77.6113050431,0,"MG Road, Bangalore"
411,Talli Terrace,12.9752200889,77.6039189100,38,"Church Street, Bangalore"
412,Gabru Di Chaap,12.9977038000,77.6970011000,257,"Phoenix Marketcity Bangalore, Whitefield, Bangalore"
413,Caffé Allora,12.9977634236,77.6964588091,199,"Phoenix Marketcity Bangalore, Whitefield, Bangalore"
414,Nomad Pizza,12.9185810873,77.6700152267,0,"Sarjapur Road, Bangalore"
415,Via Milano,12.9008619170,77.7109222859,933,"Sarjapur Road, Bangalore"
416,White Lotus Club,12.9151339000,77.6660495000,0,"Sarjapur Road, Bangalore"
417,The Big Baadshaah,12.9484192000,77.6988763000,810,"Marathahalli, Bangalore"
418,Leon's Burgers & Wings,12.9804302000,77.6409874000,28.2K,"Indiranagar, Bangalore"
419,Marquis - Radisson Blu,12.9497258174,77.6992365718,0,"Radisson Blu, Marathahalli, Bangalore"
420,Yauatcha,12.9733261000,77.6203589000,447,"1 MG Road Mall, MG Road, Bangalore"
421,Smooth Criminal,12.9342665000,77.6160878000,2,"Koramangala 5th Block, Bangalore"
422,Saffron By Sanmanaa,12.9849993000,77.5601253000,107,"Rajajinagar, Bangalore"
423,Mumbai Chai Cafe,12.9307553132,77.6849916177,0,"Bellandur, Bangalore"
424,Taaza Thindi,12.9268575615,77.5481604785,0,"Banashankari, Bangalore"
425,Bengaluru Cafe,12.9392413000,77.5839074000,30,"Jayanagar, Bangalore"
426,Delhi Highway,12.9702392596,77.6393374801,"3,946","Indiranagar, Bangalore"
427,Dr. Sheesha,13.0083968240,77.5489594415,19,"Rajajinagar, Bangalore"
428,Beijing Bites,12.9334963161,77.6218662411,10.3K,"Koramangala 5th Block, Bangalore"
429,Sanadige - Goldfinch Hotel,12.9853875975,77.5796576589,491,"Goldfinch Hotel, Seshadripuram, Bangalore"
430,Animal Bar,12.9239662141,77.6403801307,0,"Koramangala 1st Block, Bangalore"
431,B Town Barbeque,12.9042344801,77.5079289832,0,"Rajarajeshwari Nagar, Bangalore"
432,Olio - The Wood Fired Pizzeria,12.9338260000,77.6160520000,0,"Koramangala 5th Block, Bangalore"
433,Glass – Kitchen & Bar,12.9806258666,77.5782582164,3,"Holiday Inn, Race Course Road, Bangalore., Bangalore"
434,Publik,12.9303377340,77.6857014745,96,"Bellandur, Bangalore"
435,Kerbside Bistro,13.0078134922,77.5779666804,0,"Sadashiv Nagar, Bangalore"
436,Lot Like Crepes & Cafe,12.9807761525,77.7509160340,388,"Whitefield, Bangalore"
437,OYA Urban Cafe,12.9956500831,77.6166600734,184,"Frazer Town, Bangalore"
438,Kava - Fairfield By Marriott,12.9830600000,77.5598100000,88,"Fairfield by Marriott,Rajajinagar , Bangalore"
439,Arogya Ahaara,12.9181383481,77.6378027411,"8,919","HSR, Bangalore"
440,Chin Lung Resto Bar,12.9318444865,77.6321789995,415,"Koramangala 4th Block, Bangalore"
441,Bathinda Junction,12.9353669000,77.6140422000,12.9K,"Koramangala 7th Block, Bangalore"
442,Kanti Sweets,12.8855669000,77.7456404000,"2,017","Sarjapur Road, Bangalore"
443,Dhanyam Cafe,12.9241583521,77.5779125467,2,"Jayanagar, Bangalore"
444,The Kabab Studio - Goldfinch Hotel,12.9849550433,77.5799781829,12,"Goldfinch Hotel, Seshadripuram, Bangalore"
445,Watson's,12.9672203286,77.6412740350,46,"Indiranagar, Bangalore"
446,Secret Spot Cafe,12.9309961837,77.5860215351,22,"Jayanagar, Bangalore"
447,Chai Fast,12.9274935000,77.6332759000,233,"Koramangala 1st Block, Bangalore"
448,LOFT38,12.9711854451,77.6411882043,11,"Indiranagar, Bangalore"
449,The Big Barn,12.8760569000,77.5296288000,48,"Kanakapura Road, Bangalore"
450,Mahe Global Kitchen,12.9337640000,77.6218470000,3,"Koramangala 5th Block, Bangalore"
451,Travellers Bungalow,12.9701586000,77.6458046000,165,"Indiranagar, Bangalore"
452,Tiddly Tavern Bar & Grill,12.9870000000,77.7363000000,7,"Ascendas Park Square, Whitefield, Bangalore"
453,Blue Butterfly Bar & Kitchen,12.8414943000,77.6449337000,0,"Bommasandra, Bangalore"
454,Jain Sweets And Savories,13.0026029023,77.7571105957,535,"Whitefield, Bangalore"
455,Temple Of The Senses,12.9750818882,77.6028245687,138,"Church Street, Bangalore"
456,The Biere Club,12.9712109294,77.5975607336,29,"Lavelle Road, Bangalore"
457,Neer,13.0423463000,77.6181425000,0,"Embassy Manyata Business Park,  Nagawara , Bangalore"
458,Dolci Desserts,12.9864938088,77.5950367749,900,"Cunningham Road, Bangalore"
459,Tiger Trail - Royal Orchid Hotel,12.9572943000,77.6436790000,221,"Royal Orchid Hotel,  Old Airport Road, Bangalore"
460,Tree Tops Bar & Kitchen,12.9745980216,77.5995200872,16,"Hotel Southern Star, Lavelle Road, Bangalore"
461,Hoppipola,12.9752080004,77.6039118692,126,"Church Street, Bangalore"
462,Board 4 Bored,12.9403574186,77.5712854788,106,"Basavanagudi, Bangalore"
463,Bake Stir Fry Cafe,12.9690207000,77.7378129000,12,"Whitefield, Bangalore"
464,South Ruchis Square,12.9840412539,77.5780550390,"1,885","Race Course Road, Bangalore"
465,Casa Fresco By Tea Brew,12.9207510000,77.6503960000,763,"HSR, Bangalore"
466,"The Lantern Restaurant & Bar - The Ritz-Carlton, Bangalore",12.9672333000,77.6017788000,16,"The Ritz-Carlton, Bangalore"
467,Saffron,12.9496934692,77.6992838457,69,"Radisson Blu, Marathahalli, Bangalore"
468,Jalebbi Kitchen & Bar,12.9863714589,77.5955534268,26,"Cunningham Road, Bangalore"
469,Copper Chimney,,,69,"Phoenix Marketcity Bangalore, Whitefield, Bangalore"
470,Drunken Daddy,12.9343393821,77.6159057021,10,"Koramangala 5th Block, Bangalore"
471,Chulha Chauki Da Dhaba,12.9096144704,77.6852025837,"4,333","Sarjapur Road, Bangalore"
472,Terra Bites,12.9341931000,77.6258725000,307,"Koramangala 4th Block, Bangalore"
473,1 BHK - Bar House Kitchen,12.9364110905,77.6209817827,79,"Koramangala 6th Block, Bangalore"
474,Suzy Q,12.9839510836,77.5967667997,243,"Cunningham Road, Bangalore"
475,PizzaExpress,12.9704592908,77.6391971577,55,"Indiranagar, Bangalore"
476,Nando's,12.9974320000,77.6965400000,"4,592","Phoenix Marketcity Bangalore, Whitefield, Bangalore"
477,Itasian,13.0740076882,77.6188371746,66,"Jakkur, Bangalore"
478,Momoz,12.9139308000,77.6088683000,0,"BTM, Bangalore"
479,LOKA - Greenpark Hotels,12.9081299000,77.6015863000,8,"Bannerghatta Road, Bangalore"
480,Sanchez,12.9718954087,77.5961545855,366,"UB City, Bangalore"
481,Just Loaf,12.9313477739,77.6234691464,0,"Koramangala 3rd Block, Bangalore"
482,Nasi And Mee,12.9349347550,77.6291863248,"2,267","Koramangala 4th Block, Bangalore"
483,Kebapci,12.9362411719,77.6221260801,"2,887","Koramangala 6th Block, Bangalore"
484,Boba Bhai,12.8442435000,77.6656220000,"1,033","Electronic City, Bangalore"
485,Be Bhukkad,13.0408041570,77.6203890145,124,"Nagawara, Bangalore"
486,Zodiac - Fortune Select JP Cosmos Hotel,12.9896993763,77.5947973877,3,"Fortune Select JP Cosmos Hotel, Bangalore"
487,CEVI,12.9168407000,77.6450439000,13,"HSR, Bangalore"
488,Platform.65,12.8794380000,77.5954210000,440,"Bannerghatta Road, Bangalore"
489,Cremeux Pizza & Bakery Cafe,12.9166396000,77.5955023000,161,"Jayanagar, Bangalore"
490,Snack's Shack,12.9799067802,77.7525884809,299,"Whitefield, Bangalore"
491,Dum Pukht Jolly Nabobs - ITC Windsor,12.9946693616,77.5853553414,0,"ITC Windsor, Bangalore"
492,Coastal Machali Co.,12.9657957986,77.5978363305,631,"Residency Road, Bangalore"
493,Taiki,12.9065039535,77.5896656513,7,"JP Nagar, Bangalore"
494,Brahmin's Coffee Bar,12.9539800540,77.5688443333,"1,217","Basavanagudi, Bangalore"
495,Alchemy,12.9659271432,77.5986701623,0,"The Chancery Pavilion, Residency Road, Bangalore"
496,The Dome Cafe,12.9019766737,77.6757337153,81,"Sarjapur Road, Bangalore"
497,Neon Market,12.9727809180,77.6397716840,1,"Indiranagar, Bangalore"
498,Tutto Bene - Health Cafe by Little Italy,12.9664587288,77.6416934654,29,"Indiranagar, Bangalore"
499,Smoke House Pizzeria,12.9899760000,77.7283920000,"3,134","Forum Shantiniketan Mall, Whitefield, Bangalore"
500,Pasta Street,12.9881792525,77.7299770340,"3,777","Prestige Shantiniketan, Bangalore"
501,Chowman,12.9569220000,77.7150870000,13.6K,"Brookefield, Bangalore"
502,The Coffee Brewery,13.0047054055,77.7177011397,944,"KR Puram, Bangalore"
503,Smoor,12.9656812996,77.7492139501,"3,488","Whitefield, Bangalore"
504,Dot.yum - Aloft Hotel,12.9906304598,77.7331145480,11,"Aloft Hotel, Whitefield, Bangalore"
505,Whitefield Baking Company - Bengaluru Marriott Hotel Whitefield,12.9793196826,77.7276824042,43,"Bengaluru Marriott Hotel Whitefield, Bangalore"
506,The Sandwich Station,12.9656186894,77.7333549577,"4,837","Whitefield, Bangalore"
507,De Royale Spice,12.9961793000,77.6911507000,5,"KR Puram, Bangalore"
508,The Filter Coffee,12.9626959506,77.7168288598,"6,004","Brookefield, Bangalore"
509,Haldiram's Restaurant,12.9602672674,77.7162443233,251,"Brookefield, Bangalore"
510,Srinidhi Signature,12.9835312684,77.7530309558,"3,384","ITPL Main Road, Whitefield, Bangalore"
511,Third Wave Coffee,12.9635900000,77.7171200000,964,"Brookefield, Bangalore"
512,Kalinga Spices,12.9510049820,77.7158203125,"6,302","Brookefield, Bangalore"
513,Paper And Pie Cafe,12.9653831000,77.7324063000,0,"ITPL Main Road, Whitefield, Bangalore"
514,Pakodee’s,12.9889941000,77.7157381000,154,"Whitefield, Bangalore"
515,The Eatery - Four Points By Sheraton Bengaluru,12.9789952591,77.7511520684,202,"Four Points by Sheraton Bengaluru Whitefield, Bangalore"
516,The Rameshwaram Cafe,12.9707561000,77.7125276000,989,"Brookefield, Bangalore"
517,Samosa Party,12.9738204000,77.7100737000,875,"Brookefield, Bangalore"
518,Biryani Pub,12.9581443650,77.7016170323,34,"Marathahalli, Bangalore"
519,Zodiac,12.9776256843,77.7143484727,2,"Fortune Select Trinity, Whitefield, Bangalore"
520,Karibu - The Zuri,12.9906258861,77.7231169492,0,"The Zuri Hotels, Bangalore"
521,Brunchilly - Sarovar Portico,12.9788652283,77.6945011318,17,"Marathahalli, Bangalore"
522,Juice N Bites,12.9796282000,77.7533973000,162,"Whitefield, Bangalore"
523,Grill On Hot & Cool Cafe,12.9722933533,77.7002802864,9,"Marathahalli, Bangalore"
524,Asha Tiffins,12.9644094879,77.7144812420,26.7K,"Brookefield, Bangalore"
525,Vijayawada Tiffins,12.9663362061,77.7141040564,481,"Brookefield, Bangalore"
526,Pinds Of Punjab,13.0044669291,77.7182594687,"4,465","KR Puram, Bangalore"
527,Kava Kitchen & Bar - Fairfield by Marriott,12.9810567948,77.7092164010,74,"Whitefield, Bangalore"
528,Aruki Kitchen,12.9928702724,77.7028248013,15,"Whitefield, Bangalore"
529,Hard Rock Cafe,12.9871780000,77.7364790000,389,"Ascendas Park Square, Whitefield, Bangalore"
530,Khane Ka Khazana,12.9515471101,77.7173605934,"2,980","Brookefield, Bangalore"
531,Brilram's Balaji Bhavan,13.0128636962,77.7611215040,15.7K,"Whitefield, Bangalore"
532,The Mill -  Artisanal Bakery,13.0248168000,77.7611950000,139,"Whitefield, Bangalore"
533,Chaayos Chai+Snacks=Relax,12.9870639011,77.7364790440,"3,870","Ascendas Park Square, Whitefield, Bangalore"
534,Mega Bite,12.9717941254,77.7174434066,0,"MGM Mark Whitefield, Bangalore"
535,Mansaf Paradise,12.9520078825,77.7041078351,41,"Marathahalli, Bangalore"
536,No Sugar Please!,12.9622627000,77.7166021000,"1,004","Brookefield, Bangalore"
537,Cafe Mumbai,13.0127712375,77.7623455973,"3,196","ITPL Main Road, Whitefield, Bangalore"
538,Kapoor's Cafe,13.0104460000,77.6977920000,"1,913","KR Puram, Bangalore"
539,Whitefield SOCIAL,12.9977178000,77.6970699000,"2,254","Phoenix Marketcity Bangalore, Whitefield, Bangalore"
540,Lavonne,12.9896239094,77.7280424908,936,"Forum Shantiniketan Mall, Whitefield, Bangalore"
541,Subway,13.0045240000,77.7177010000,"1,073","KR Puram, Bangalore"
542,Flavours Radha Hometel,12.9779870280,77.7136417106,116,"Radha Hometel, Bangalore"
543,Poha On Wheels,12.9595447603,77.7017135918,"2,457","Marathahalli, Bangalore"
544,Blue Tokai Coffee Roasters,12.9962018598,77.6954191178,717,"VR Bengaluru, Whitefield, Bangalore"
545,Thirupathi Bhimas,12.9564646000,77.7100697000,636,"Marathahalli, Bangalore"
546,McDonald's,12.9672193484,77.7167178690,24.9K,"Brookefield, Bangalore"
547,Leon's Burgers & Wings,12.9826543383,77.7483551504,24.8K,"Whitefield, Bangalore"
548,Alibabar Hari,12.9717013000,77.7347989000,112,"Whitefield, Bangalore"
549,Purnabramha Maharashtrian Restaurant,12.9924396921,77.7030218393,374,"Brigade Metropolis, Bangalore"
550,Starbucks Coffee,12.9566694652,77.7322642878,"2,392","Whitefield, Bangalore"
551,MYNT,12.9872965114,77.7378439531,5,"Vivanta Whitefield, Bangalore"
552,Masala Chai,12.9920865367,77.7027036622,572,"Whitefield, Bangalore"
553,Theobroma,12.9565642000,77.7323802000,"1,916","Whitefield, Bangalore"
554,Hotel Nattinpuram,12.9747489646,77.6938299090,"1,277","Marathahalli, Bangalore"
555,Udupi Veg,12.9693908000,77.7380481000,"1,277","Whitefield, Bangalore"
556,Sri Chowdeshwari Mudde Hotel,12.9921678834,77.7197876573,0,"Whitefield, Bangalore"
557,Munisai Teja Nellore Tiffins,12.9509570048,77.7045221999,215,"Marathahalli, Bangalore"
558,Manorama Food Corner,12.9568178051,77.7146086469,12,"Marathahalli, Bangalore"
559,Sri Guru Nalapaka Restaurant,13.0727931332,77.7866789326,908,"Whitefield, Bangalore"
560,Charubon's Restaurant,12.9624710000,77.7493766000,358,"Varthur Main Road, Whitefield, Bangalore"
561,HRX by EatFit,12.9645240000,77.7193370000,0,"Brookefield, Bangalore"
562,Kapoor's Chaat Bhandaar,12.9391095077,77.7324346423,420,"Varthur Main Road, Whitefield, Bangalore"
563,Juice Berg,12.9670533715,77.7144949883,13.7K,"Brookefield, Bangalore"
564,Pulla Reddy Sweets,13.0158056335,77.7621692419,0,"Whitefield, Bangalore"
565,Khawar Ashe Pashe,13.0059970503,77.7335101500,"2,098","KR Puram, Bangalore"
566,Aditya Sweets,12.9557820378,77.7281511202,"4,696","Whitefield, Bangalore"
567,The Groot,12.9898055527,77.7281584963,429,"Forum Shantiniketan Mall, Whitefield, Bangalore"
568,Baskin Robbins - Ice Cream Desserts,,,"2,388","Marathahalli, Bangalore"
569,Amma's Pastries,13.0032128124,77.7127880976,"2,750","KR Puram, Bangalore"
570,Subbayyaa Gari Hotel,12.9624281905,77.7167279273,"5,417","Brookefield, Bangalore"
571,Boba Bhai,12.9732330000,77.7102890000,559,"Brookefield, Bangalore"
572,Natraj Chole Bhature,12.9659382903,77.7138268819,"5,149","Brookefield, Bangalore"
573,Mayura Sagar,12.9699083000,77.7129033000,"2,515","Brookefield, Bangalore"
574,Hatti Kaapi,12.9730700000,77.7099027000,13,"Marathahalli, Bangalore"
575,Juice Therapy,12.9622426000,77.7166153000,67,"Brookefield, Bangalore"
576,Sri Udupi Food Hub,12.9839710125,77.7516831458,"1,290","ITPL Main Road, Whitefield, Bangalore"
577,Suryawanshi,12.9772761000,77.7249197000,"6,289","KR Puram, Bangalore"
578,Kallayi Restaurant,13.0046949497,77.7101840079,"3,991","KR Puram, Bangalore"
579,Hoskote Nati Style,12.9674281263,77.7147990838,0,"Brookefield, Bangalore"
580,Om Agarwal Bhavan,12.9646987000,77.7174464000,760,"Brookefield, Bangalore"
581,Mirzapur UP63,12.9548455960,77.7148926258,178,"Marathahalli, Bangalore"
582,Puchkas,12.9573611000,77.7087772000,27.7K,"Marathahalli, Bangalore"
583,1882,12.9687870540,77.7168758855,0,"DoubleTree by Hilton, Whitefield, Bengaluru, Bangalore"
584,The Coffee House,12.9835260411,77.7532183751,683,"ITPL Main Road, Whitefield, Bangalore"
585,Litti Mania,12.9720010000,77.7116935000,133,"Brookefield, Bangalore"
586,Udupi Upachar,12.9623641509,77.7133905888,18.2K,"Brookefield, Bangalore"
587,Chef Bakers,12.9821385224,77.7259413153,14,"Whitefield, Bangalore"
588,Amal’s Biriyani,12.9390925000,77.7405417000,197,"Varthur Main Road, Whitefield, Bangalore"
589,Hatti Kaapi - Coffee And More,12.9893820000,77.7280150000,9,"Forum Shantiniketan Mall, Whitefield, Bangalore"
590,Cafe Garage,13.0128960000,77.7620330000,25,"Whitefield, Bangalore"
591,RARA'S - SWEETS-CHAATS-THALIS,12.9528986000,77.7175586000,76,"Brookefield, Bangalore"
592,Simhapuri - The Taste Of Nellore,12.9396637000,77.7377705000,55,"Varthur Main Road, Whitefield, Bangalore"
593,Real Fresh Dosa Corner,12.9648097316,77.7166424319,"8,548","Brookefield, Bangalore"
594,Karma Foods,12.9582335645,77.7188498899,0,"Brookefield, Bangalore"
595,Sai Foods,12.9573869851,77.7145010233,"1,659","Brookefield, Bangalore"
596,New Udupi Garden Veg,13.0045758000,77.7146927000,224,"KR Puram, Bangalore"
597,Ramdev Sagar,12.9588988020,77.7193313465,11.9K,"Brookefield, Bangalore"
598,Citrus Cafe - Lemon Tree Hotel,12.9722253956,77.7175818756,0,"Lemon Tree Hotel, Whitefield, Bangalore"
599,The Cafe Dhaba,13.0098361427,77.7176912604,299,"KR Puram, Bangalore"
600,Thalassery Restaurant,12.9566658710,77.7027013153,18.1K,"Marathahalli, Bangalore"
601,Sri Lakshmi Vaibhav,12.9491526988,77.7151306719,10.6K,"Marathahalli, Bangalore"
602,Mivaan's Café,12.9606039047,77.7204731784,0,"Brookefield, Bangalore"
603,Zoop Cafe,12.9507658575,77.7038881928,10,"Marathahalli, Bangalore"
604,Hotel Abooz- Eat 'N' Meet Restaurant,12.9829163000,77.7335348000,"1,616","Whitefield, Bangalore"
605,Just Bake,12.9674173443,77.7158441395,20,"Brookefield, Bangalore"
606,Vidhagdha Cafe,12.9862576040,77.7798882499,4,"Whitefield, Bangalore"
607,Muraamba - The Marathi Kitchen,12.9634191679,77.7096784115,423,"Marathahalli, Bangalore"
608,Peruvayaran Restaurant,12.9495988469,77.7222116535,4,"Whitefield, Bangalore"
609,Burger King,12.9655110000,77.7018480000,15.7K,"Kote MR Plaza, Bangalore"
610,Brindavan Grand,12.9424490093,77.7475706488,"1,767","Varthur Main Road, Whitefield, Bangalore"
611,Kanti Sweets,12.9941260755,77.7004938573,"8,346","Whitefield, Bangalore"
612,Tea Day,12.9947190185,77.6971826702,9,"Mahadevapura, Bangalore"
613,Gilly's Restobar,12.9557248581,77.7145912126,62,"Marathahalli, Bangalore"
614,Meganas Biryani,12.9540303725,77.7151994035,232,"Brookefield, Bangalore"
615,Ashraya Upachar,13.0200221533,77.7089153230,39.6K,"KR Puram, Bangalore"
616,Shree KC Mess,12.9391095077,77.7324346423,97,"Varthur Main Road, Whitefield, Bangalore"
617,Angel's Kitchen,12.9779860479,77.7698561177,"4,594","Whitefield, Bangalore"
618,Chill,12.9778890144,77.7136507630,0,"Radha Hometel, Bangalore"
619,Sri Vishnu Palace,12.9796163353,77.6950221509,"1,669","Marathahalli, Bangalore"
620,Ghaas Phoos 1.0,12.9606772253,77.7149398997,45,"Brookefield, Bangalore"
621,Udupi Vaibhav,13.0178266843,77.7052443847,"5,031","KR Puram, Bangalore"
622,Anand Sweets And Savouries,13.0174536388,77.7624522150,"1,261","MS Commercials Complex, Bangalore"
623,Kidilum,12.9832930000,77.7335700000,11.3K,"Whitefield, Bangalore"
624,Karavali Kitchen,12.9508269593,77.7045711502,"1,923","Marathahalli, Bangalore"
625,Pop Inn Restaurant,,,"1,370","Whitefield, Bangalore"
626,Estaa Sweets,12.9758787467,77.7268797532,"3,580","Broadway Building, Whitefield, Bangalore"
627,Foodies Hub,12.9508214046,77.7045845613,815,"Marathahalli, Bangalore"
628,Tea Positive,12.9483822216,77.7157026529,245,"Marathahalli, Bangalore"
629,Sri Udupi Park,12.9943320000,77.6991130000,"5,665","Whitefield, Bangalore"
630,New Udupi Garden,12.9564057859,77.7103251591,"2,611","Marathahalli, Bangalore"
631,BBQ Joint,12.9722642752,77.7342796326,1,"Whitefield, Bangalore"
632,The Lassi Corner,12.9678509092,77.7579095587,"1,120","Whitefield, Bangalore"
633,Annapoorna Andhra Spices,12.9660009837,77.7140866220,659,"Brookefield, Bangalore"
634,K R Catering Services,12.9747950316,77.7553658187,79,"Whitefield, Bangalore"
635,Tiwari's Cafe,12.9701974000,77.7420500000,273,"Whitefield, Bangalore"
636,NH-47 Kerala Kitchen,12.9808757985,77.6935492828,"1,538","Marathahalli, Bangalore"
637,Citrus Cafe,12.9667439614,77.7512311935,6,"Whitefield, Bangalore"
638,Fresh Cafe,12.9905135028,77.6933119074,758,"Marathahalli, Bangalore"
639,Chellam Hotel,13.0162995462,77.7108143270,870,"KR Puram, Bangalore"
640,Nevesa Bites,12.9631218000,77.7073812000,883,"Marathahalli, Bangalore"
641,Kaafi Desi,12.9486797000,77.7163298000,30.6K,"Marathahalli, Bangalore"
642,Chai Point,12.9640023822,77.7125963196,14.4K,"Brookefield, Bangalore"
643,Mrs Iyengar's Kitchen - Authentic Iyengar's Cuisine,13.0037175147,77.7119810879,"4,591","KR Puram, Bangalore"
644,Cothas Coffee,13.0183771050,77.7622282505,1,"Whitefield, Bangalore"
645,FB Cakes,12.9565120000,77.6965090000,907,"Marathahalli, Bangalore"
646,Keventers Ice Cream,12.9974847604,77.6967930794,209,"Phoenix Marketcity Bangalore, Whitefield, Bangalore"
647,Meat And Eat,12.9527530051,77.7003069162,565,"Marathahalli, Bangalore"
648,Nandi Iyengars Cake Palace,12.9524878120,77.7069489285,329,"Marathahalli, Bangalore"
649,Sendhoor Coffee,12.9938494000,77.7015728000,"1,294","KR Puram, Bangalore"
650,Nirvana Foods,12.9643287856,77.7178346738,145,"Brookefield, Bangalore"
651,Sri Udupi Park,12.9825158682,77.7484081686,"6,524","Whitefield, Bangalore"
652,Hotel Salala,12.9593947883,77.7138841152,"1,460","Brookefield, Bangalore"
653,Kerala Kafe,12.9707107192,77.7516740933,54,"Whitefield, Bangalore"
654,Desi Zing,12.9510370580,77.7144024521,0,"Marathahalli, Bangalore"
655,Grills N Seeds,,,0,"Whitefield, Bangalore"
656,Srinidhi Sagar,12.9917568000,77.7205362000,"1,031","Whitefield, Bangalore"
657,Tasty Food Court- TFC,12.9422036134,77.7436878160,86,"Varthur Main Road, Whitefield, Bangalore"
658,Taste Of Kolkata,12.9663600000,77.7146500000,283,"Whitefield, Bangalore"
659,Bella House Go Go,13.0200527964,77.7087741331,0,"KR Puram, Bangalore"
660,New Juice It Up,12.9687608374,77.7188026160,313,"Brookefield, Bangalore"
661,Sassy South,13.0203890000,77.7622550000,"3,023","Whitefield, Bangalore"
662,Dakkhan Bistro,12.9584577066,77.7320245653,5,"Whitefield, Bangalore"
663,Udupi Cafe,13.0151588415,77.7618966624,12K,"Whitefield, Bangalore"
664,Andhra Turning Point,12.9511128633,77.7070605755,64,"Marathahalli, Bangalore"
665,Chai Resto,,,866,"Marathahalli, Bangalore"
666,Food Paradise,13.0165523821,77.7157687023,157,"KR Puram, Bangalore"
667,Food Story,12.9540264516,77.7151960507,267,"Brookefield, Bangalore"
668,Sargam Sweets,12.9488905000,77.7080905000,"1,057","Marathahalli, Bangalore"
669,Biriyani Kitchen,12.9797802645,77.7335916667,21,"Whitefield, Bangalore"
670,Five Spice Dining,12.9481387921,77.7062005922,6,"24 Tech Hotel, Kadubeesanahalli, Bangalore"
671,Caramel Whitefield,12.9873742659,77.7360911295,0,"Vivanta Whitefield, Bangalore"
672,High Sky,12.9602988663,77.7171688154,0,"Whitefield, Bangalore"
673,KR Naidu Hotel,12.9425048850,77.7479270473,90,"Whitefield, Bangalore"
674,Mayura Vybhava,12.9769340000,77.7251440000,0,"Whitefield, Bangalore"
675,Mandya Gowdru Hotel,12.9592827177,77.7161445469,14,"Brookefield, Bangalore"
676,ATR Foods,12.9573679000,77.7145012000,8,"Brookefield, Bangalore"
677,Ishwaryam,12.9573177164,77.7457997203,0,"Whitefield, Bangalore"
678,New Udupi Delicacy,12.9801338431,77.7271714434,"7,024","Whitefield, Bangalore"
679,Arun Ice Cream Parlour,12.9635952759,77.7103560045,13,"Marathahalli, Bangalore"
680,Kidilum Grand,12.9840843788,77.7333556116,"1,193","Whitefield, Bangalore"
681,Snacky Zone,13.0050667076,77.7303726599,7,"Whitefield, Bangalore"
682,Narayanadri Nellore Hotel,12.9511066000,77.7044869000,34,"Marathahalli, Bangalore"
683,Romantic Time,12.9526907208,77.7042563260,19,"Marathahalli, Bangalore"
684,ChinaMinaMo,12.9642340339,77.7150217071,1,"Brookefield, Bangalore"
685,FRIENDS FAST FOODS,12.9504600000,77.7020500000,40,"Marathahalli, Bangalore"
686,Melting Melodies,12.9569184409,77.7428040281,118,"Varthur Main Road, Whitefield, Bangalore"
687,Chickles,12.9576085141,77.7094581351,117,"Marathahalli, Bangalore"
688,Mayura Grand,12.9650116502,77.7181364223,0,"Brookefield, Bangalore"
689,Food Mingo,12.9508534259,77.7046234533,368,"Marathahalli, Bangalore"
690,Risalo Restaurant,12.9788221024,77.6976788789,44,"Marathahalli, Bangalore"
691,The Ghee Spot,12.9537270000,77.7195290000,"2,729","Brookefield, Bangalore"
692,Chakh Le India,12.9515121482,77.7174159139,15.5K,"Brookefield, Bangalore"
693,Red Earth Roasters,12.9958880268,77.6993761809,10,"KR Puram, Bangalore"
694,Andhra Abhiruchulu,12.9462037642,77.7124571800,30,"Marathahalli, Bangalore"
695,Sonu Da Dhaba,12.9705899909,77.7721859973,20,"Whitefield, Bangalore"
696,Gopal Dhaba,12.9689000219,77.6935636997,0,"Marathahalli, Bangalore"
697,Apna Hotel,12.9898016323,77.7179764956,306,"Whitefield, Bangalore"
698,Bengal Sweet And Restaurant,12.9833080782,77.7679767213,680,"Whitefield, Bangalore"
699,Pooja Hotel & Restaurant,12.9839609000,77.7660974000,24,"Whitefield, Bangalore"
700,Bowl'd,12.9514098764,77.7033235878,6,"Marathahalli, Bangalore"
701,Sri Manjunatha Hotel,12.9563139718,77.7148289233,260,"Brookefield, Bangalore"
702,Ashirvad Veg,12.9595392058,77.7009944245,543,"Marathahalli, Bangalore"
703,Sri Kalyan Hotel,13.0171596446,77.7091369405,4,"KR Puram, Bangalore"
704,Laddoos,12.9512886533,77.7157385275,"2,100","Brookefield, Bangalore"
705,Cocofit,12.9530687647,77.6999597624,114,"Marathahalli, Bangalore"
706,Indian Paratha Company,12.9598362110,77.7479273423,215,"Forum Neighbourhood Mall, Whitefield, Bangalore"
707,The Sandwich Juice Shop,12.9727447000,77.7543803000,795,"Whitefield, Bangalore"
708,Platos,12.9524616723,77.7003899217,7,"Marathahalli, Bangalore"
709,AGS Grand,12.9579493023,77.7028384432,11,"Marathahalli, Bangalore"
710,New Udupi Veg,12.9669743037,77.7611986175,"8,286","Whitefield, Bangalore"
711,Maa Tea,12.9467321244,77.7150679752,522,"Marathahalli, Bangalore"
712,Indori Junction,12.9607829583,77.7154830685,839,"Brookefield, Bangalore"
713,Poori House,12.9590268829,77.7085860819,44,"Marathahalli, Bangalore"
714,Sree Venkateshwara Home Made Foods,12.9916399464,77.6901740581,74,"Marathahalli, Bangalore"
715,Mondelice Cakes,13.0025195990,77.7123850957,201,"KR Puram, Bangalore"
716,Prajwal The Restaurant,12.9495036279,77.7157378569,"4,991","Marathahalli, Bangalore"
717,New Udupi Upahar,12.9509230231,77.7156158164,13.8K,"Marathahalli, Bangalore"
718,Sri Udupi Park,12.9949845000,77.6968286000,"1,658","KR Puram, Bangalore"
719,The Sandwich Adda,12.9558354000,77.6979179000,86,"Marathahalli, Bangalore"
720,Kaveri Vaibhav Pure Veg,13.0054235999,77.7307722091,905,"Whitefield, Bangalore"
721,Sukoon Chai Cafe,12.9477298000,77.7154893000,3,"Marathahalli, Bangalore"
722,Thalassery Cafe,12.9569625507,77.7029363438,44,"Marathahalli, Bangalore"
723,Durgashree Udupi Vihar,12.9882360980,77.6972413436,0,"KR Puram, Bangalore"
724,Navras,12.9642154103,77.7150260657,"2,172","Brookefield, Bangalore"
725,Panda Chai,12.9514490197,77.7162746334,459,"Marathahalli, Bangalore"
726,Cafe Coffee Day,12.9688974000,77.7008686000,"2,579","Marathahalli, Bangalore"
727,Eatwell  Restaurant,12.9508796000,77.7049562000,"7,247","Marathahalli, Bangalore"
728,Hangout Junction,12.9578516076,77.7442986891,93,"Sigma Soft Tech Park, Bangalore"
729,Salem Kitchen,12.9644107948,77.7155387029,291,"Brookefield, Bangalore"
730,Nirvana Restaurant,12.9515467833,77.7163738757,54,"Marathahalli, Bangalore"
731,Kerala Cafe,12.9483593490,77.7048423886,0,"Marathahalli, Bangalore"
732,Slurpy Shakes,12.9676434298,77.7581127648,"1,393","Whitefield, Bangalore"
733,NH 75,13.1046390000,77.8685280000,0,"Whitefield, Bangalore"
734,Jhanavi Restaurant,12.9507900368,77.7045429870,"1,120","Marathahalli, Bangalore"
735,The Club Cafe,12.9803253000,77.7335002000,19,"Whitefield, Bangalore"
736,Udupi Gokula Veg,13.0046194873,77.7173414826,"7,556","KR Puram, Bangalore"
737,Sri Sai Palace,13.0069512963,77.7572996914,20.5K,"Whitefield, Bangalore"
738,Sri Lakshmi Bhavan,12.9498129000,77.7128214000,642,"Marathahalli, Bangalore"
739,Udupi Grand,12.9818774838,77.7086819708,106,"Whitefield, Bangalore"
740,RC Easy Snacks,12.9649825713,77.7192032710,9,"Brookefield, Bangalore"
741,Jugo Crush,12.9482550000,77.7155918000,14,"Brookefield, Bangalore"
742,Sugarkiss Bake Studio,12.9867257663,77.7263258770,1,"Whitefield, Bangalore"
743,Day Night Dhaba,12.9513526957,77.7156174928,345,"Marathahalli, Bangalore"
744,Kheer Kadamb - Bengali Sweets and Snacks,12.9698752908,77.7501234412,0,"Whitefield, Bangalore"
745,Mulbagal Dosa Center,13.0143685000,77.7092039000,267,"KR Puram, Bangalore"
746,Hotel Uttam Sagar,12.9979610686,77.7566060051,"1,668","Whitefield, Bangalore"
747,Nandi Mess - Feel Like Mom's,12.9843016369,77.7489680797,"1,209","Whitefield, Bangalore"
748,Bottle And Kullad,12.9642271726,77.7150260657,240,"Brookefield, Bangalore"
749,Raithula Ruchi,12.9576542575,77.7444683388,1,"Sigma Soft Tech Park, Bangalore"
750,Skandas Veg Restaurant,12.9655785244,77.7143296972,0,"Brookefield, Bangalore"
751,Santushti,12.9467020000,77.7149680000,"3,704","Whitefield, Bangalore"
752,BaraThas,12.9530952000,77.7073456000,161,"Marathahalli, Bangalore"
753,Chai Central,12.9864655000,77.7337143000,"2,378","Forum Neighbourhood Mall, Whitefield, Bangalore"
754,S'Mack,12.9560695699,77.7215934545,"4,294","Whitefield, Bangalore"
755,Ovenfresh Cakes,12.9811646084,77.7273625508,27,"Whitefield, Bangalore"
756,Impes Family Restaurant,13.0248203663,77.7173163369,"1,784","KR Puram, Bangalore"
757,Wow Tiffin Food,12.9686448504,77.7562948689,0,"Whitefield, Bangalore"
758,Sri Udupi Grand,13.0042568756,77.7086742595,187,"KR Puram, Bangalore"
759,Poorva Restaurant,12.9486713959,77.7039840817,"1,098","Marathahalli, Bangalore"
760,VBP Catering & Vasuda Hotel,12.9842320000,77.7677510000,661,"Whitefield, Bangalore"
761,Sri Lakshmi Hotel,12.9916517074,77.6901066676,17,"Kaggadasapura, Bangalore"
762,Madurai Idly & Dosa Shop,12.9589994370,77.7017622069,"1,077","Marathahalli, Bangalore"
763,Chatore,12.9394700000,77.7299100000,649,"Marathahalli, Bangalore"
764,Grab N Go - Aloft Hotel,12.9905824356,77.7331041545,7,"Aloft Hotel, Whitefield, Bangalore"
765,Forkfully,12.9862062977,77.7669851019,"1,066","Whitefield, Bangalore"
766,Saanvika Foods,12.9629569000,77.7132801000,430,"Brookefield, Bangalore"
767,Chatora Chaat Corner,12.9824168762,77.7671393752,"2,728","Prashanti Shopping Complex, Whitefield, Bangalore"
768,Bhartiya Bhojan,12.9827543634,77.7668929473,156,"Prashanti Shopping Complex, Whitefield, Bangalore"
769,Chilika Dhaba,12.9486795646,77.7039679885,341,"Marathahalli, Bangalore"
770,Indikhana,12.9803304219,77.7335393702,9,"Whitefield, Bangalore"
771,Ande Ka Funda,12.9828066363,77.7616706863,0,"Whitefield, Bangalore"
772,Udupi Delux,12.9647757518,77.7173294127,0,"Brookefield, Bangalore"
773,Coastal Spice,12.9624971310,77.7013652399,67,"Marathahalli, Bangalore"
774,Decker's Lane,12.9574219462,77.7087892592,"1,473","Marathahalli, Bangalore"
775,Wendy's Burgers,12.9625210000,77.7494430000,309,"Varthur Main Road, Whitefield, Bangalore"
776,Chai Sutta Bar,12.9509391775,77.7038387034,9,"Marathahalli, Bangalore"
777,Salt - Indian Restaurant Bar & Grill,12.9896173755,77.7280562371,"2,164","Forum Shantiniketan Mall, Whitefield, Bangalore"
778,Annamandir,12.9642396624,77.7527722251,"1,652","Whitefield, Bangalore"
779,Konaseema Vantillu,12.9770058997,77.7250133595,6,"Whitefield, Bangalore"
780,Faasos - Wraps & Rolls,12.9811338000,77.7266842000,0,"SJR I Park, Bangalore"
781,Hoskote Mutton Dum Biryani,12.9561156567,77.7218010466,0,"Brookefield, Bangalore"
782,GMR’S TEA TRANCE,12.9660914873,77.7156013995,19,"Brookefield, Bangalore"
783,Udupi Vaibhav,12.9658604908,77.7492932975,247,"Whitefield, Bangalore"
784,Bologna,13.0033789000,77.7568559000,214,"Whitefield, Bangalore"
785,Sri Meghna Delux Mess,12.9846149455,77.7335755527,8,"Whitefield, Bangalore"
786,Kerala Home Kitchen,12.9691938000,77.7501233000,579,"Whitefield, Bangalore"
787,Teaholic - The Kullad Tea,12.9660801000,77.7144780000,0,"Brookefield, Bangalore"
788,PetPuja Food & Snacks,12.9509891000,77.7147156000,143,"Brookefield, Bangalore"
789,Varalakshmi Tiffins,12.9636061000,77.7156137000,0,"Brookefield, Bangalore"
790,Goofoo House,13.0046342000,77.7193251000,"1,536","KR Puram, Bangalore"
791,Om Agarwal Bhavan,13.0122985632,77.7606994242,440,"Whitefield, Bangalore"
792,Champaran Mutton House,12.9707273820,77.7677115679,12,"Whitefield, Bangalore"
793,South Indian kitchen,12.9780458000,77.7698187000,1,"ITPL Main Road, Whitefield, Bangalore"
794,Mint Malabari Kerala Food,12.9684063416,77.7540328784,0,"Whitefield, Bangalore"
795,Rolling Fresh,12.9937674000,77.6992649000,146,"KR Puram, Bangalore"
796,Halli Mane Natti Style,12.9751786000,77.6939203000,2,"Marathahalli, Bangalore"
797,Sri Vasavi Upahara,13.0084909055,77.6956192777,715,"KR Puram, Bangalore"
798,Royal Rajasthani Fast Food And Restaurant,12.9469509321,77.7098849588,94,"Kadubeesanahalli, Bangalore"
799,Periyar Dine In,12.9824008000,77.7635063000,151,"Whitefield, Bangalore"
800,Pure Bhoj,12.9515328000,77.7174083000,99,"Marathahalli, Bangalore"
801,S.L.V. Iyengar Bakery,12.9584593619,77.7027469423,83,"Marathahalli, Bangalore"
802,Abooz Cafe,12.9829576000,77.7334734000,170,"Whitefield, Bangalore"
803,Olivera,13.0044047865,77.7161005442,2,"KR Puram, Bangalore"
804,Sri Udupi Park,12.9618526000,77.7164429000,0,"Marathahalli, Bangalore"
805,The Twenty Handmade Chocolates,12.9414038632,77.7470610027,3,"Varthur Main Road, Whitefield, Bangalore"
806,G6 Food Court,12.9466841000,77.7150116000,458,"Marathahalli, Bangalore"
807,Ganesh Food Corner,12.9493660000,77.7158840000,23,"Brookefield, Bangalore"
808,Sangam Sweets - Since 1964,12.9750655316,77.7509017074,"3,792","Whitefield, Bangalore"
809,Cafe 1947,12.9509114334,77.7070922917,0,"Marathahalli, Bangalore"
810,FNP Cakes By Ferns N Petals,13.0083988000,77.7588815000,314,"Apple City, Bangalore"
811,Al Halaal Tabrez,12.9392190000,77.7358144000,0,"Varthur Main Road, Whitefield, Bangalore"
812,Burger Man,12.9596163155,77.7015700936,82,"Marathahalli, Bangalore"
813,Guntur Vari Amma Hotel,13.0042624291,77.7067641914,64,"KR Puram, Bangalore"
814,Midnight Cravings 24/7,12.9596310186,77.7015821636,94,"Marathahalli, Bangalore"
815,Cafe Suggi,12.9826167000,77.7615691000,314,"Whitefield, Bangalore"
816,Chai days,12.9711900000,77.7248725000,338,"Whitefield, Bangalore"
817,"Jagakalia  Sweets, Snacks And Savouries",12.9394548000,77.7299268000,405,"Varthur Main Road, Whitefield, Bangalore"
818,Nellore Kitchen,12.9511484000,77.7045119000,477,"Marathahalli, Bangalore"
819,Mani's Royal Biryani,12.9489020000,77.7120523000,187,"Marathahalli, Bangalore"
820,The Chai Walah,12.9571092568,77.6985901594,28,"Marathahalli, Bangalore"
821,The Spicy Sambar,12.9570300000,77.7021400000,"1,712","Marathahalli, Bangalore"
822,Crave Wave,12.9540700000,77.7174900000,0,"Marathahalli, Bangalore"
823,Davanagere Benne Dose Hotel,12.9692660000,77.7355570000,269,"Whitefield, Bangalore"
824,Bangali Hotel,12.9589759119,77.7027717233,0,"Marathahalli, Bangalore"
825,McCafe by McDonald's,12.9671174098,77.7167004347,93,"Brookefield, Bangalore"
826,Utkal Spice Heaven,12.9848648733,77.7664017677,78,"ITPL Main Road, Whitefield, Bangalore"
827,KaAra - Taste Of South,,,15,"Brookefield, Bangalore"
828,The Burgers King,,,50,"Varthur Main Road, Whitefield, Bangalore"
829,Nala Bhima Restaurant,,,47,"Marathahalli, Bangalore"
830,SRI SHANKAR ANDHRA MESS,12.9698190000,77.7511600000,2,"Whitefield, Bangalore"
831,Bengaluru Military Hotel,13.0137897928,77.7096837759,0,"KR Puram, Bangalore"
832,New Guru Nalapaka,13.0078173072,77.6968842745,550,"KR Puram, Bangalore"
833,Rajdhani Dhaba,12.9638839000,77.7321190000,1,"Whitefield, Bangalore"
834,Kakara - The Taste Of Odisha,12.9717800000,77.6941380000,41,"Marathahalli, Bangalore"
835,Jaya's Home Kitchen,12.9713850000,77.7112778000,39,"Brookefield, Bangalore"
836,Nandi Upachar,12.9639825000,77.7522001000,0,"Varthur Main Road, Whitefield, Bangalore"
837,Wae's,12.9827768000,77.7616194000,25,"ITPL Main Road, Whitefield, Bangalore"
838,Vatika Veg,12.9891218000,77.7842842000,108,"Whitefield, Bangalore"
839,Cakewala,12.9670336000,77.7146026000,"1,231","Brookefield, Bangalore"
840,Ramesh Foods,12.9510491476,77.7048591524,51,"Marathahalli, Bangalore"
841,B Kitchenn,12.9887130774,77.6973181218,0,"Marathahalli, Bangalore"
842,V R Mutton Dum Biryani,13.0044464000,77.7171477000,0,"KR Puram, Bangalore"
843,SLN Military Hotel,13.0063690000,77.7097390000,114,"KR Puram, Bangalore"
844,Jitubhai Mutton Point,12.9488076000,77.7119977000,7,"Marathahalli, Bangalore"
845,Chat Time,12.9556787876,77.7154907584,14,"Varthur Main Road, Whitefield, Bangalore"
846,The Byke Signature  Bengaluru,,,1,"Whitefield, Bangalore"
847,Mahadev Pure Veg Restaurant,12.9902916000,77.7622559000,0,"ITPL Main Road, Whitefield, Bangalore"
848,Sassy South,13.0045760000,77.7157540000,181,"KR Puram, Bangalore"
849,JSPIICE  Hunger Decoded,12.9564861000,77.7099146000,106,"Marathahalli, Bangalore"
850,Udupi Anubhav,13.0142210000,77.7319727000,"1,241","KR Puram, Bangalore"
851,The Sober Cafe,12.9498196537,77.7117549539,7,"Marathahalli, Bangalore"
852,Slay Coffee Bar,12.9650955000,77.7183732000,0,"Marathahalli, Bangalore"
853,Sri Basaveswara Khanavali,12.9705418041,77.7314438671,0,"Whitefield, Bangalore"
854,Kale Me Crazy KL 14,12.9660852795,77.7144634724,3,"Brookefield, Bangalore"
855,Tea Time,12.9532000000,77.7176000000,221,"Brookefield, Bangalore"
856,Go Zero - Ice Creams & Desserts,12.9928510000,77.7529580000,168,"ITPL Main Road, Whitefield, Bangalore"
857,Tea Time,12.9694394000,77.7496700000,44,"Whitefield, Bangalore"
858,Haldiram's Sweets And Namkeen,12.9937210530,77.7015652348,0,"KR Puram, Bangalore"
859,Chai Fusion Cafe,12.9616019000,77.7165294000,5,"Brookefield, Bangalore"
860,Waffle Express,12.9695234000,77.7496795000,107,"Whitefield, Bangalore"
861,BALAJI CENTRAL CAFE,12.9921018913,77.7172208048,7,"Whitefield, Bangalore"
862,Des Tea Nation,12.9927876000,77.7171906000,10,"Whitefield, Bangalore"
863,The Naashta Story,12.9580370000,77.7096230000,88,"Marathahalli, Bangalore"
864,Sri Ranghanatha Swamy,12.9664410000,77.7631755000,0,"Whitefield, Bangalore"
865,Young Star Restaurant,12.9596656526,77.7018463791,45,"Marathahalli, Bangalore"
866,Brothers Restaurant,12.9426551939,77.7482512593,0,"Varthur Main Road, Whitefield, Bangalore"
867,Noname Cafe,12.9653232000,77.7566466000,2,"Whitefield, Bangalore"
868,Rajashtan Chats And Sweets,12.9498490017,77.7128165960,55,"Marathahalli, Bangalore"
869,Lassi Paradise,12.9596813360,77.7027130499,0,"Marathahalli, Bangalore"
870,Ak Tiffen And Lunch,12.9663794000,77.7032979000,2,"Marathahalli, Bangalore"
871,Sri Vigneshwara Andhra Hotel,12.9653256366,77.7193628624,5,"Brookefield, Bangalore"
872,Mistea Cafe,12.9486756000,77.7132834000,0,"Marathahalli, Bangalore"
873,Kovai Mess,12.9692133499,77.7543402091,0,"Whitefield, Bangalore"
874,Royal Benne Dose,12.9849008107,77.7337415144,55,"Whitefield, Bangalore"
875,Makhanchor,,,0,"Marathahalli, Bangalore"
876,Morbi Sweet & Farsan,12.9845104000,77.6889895000,0,"Kaggadasapura, Bangalore"
877,Akanksha Kitchen,12.9616332493,77.7165545896,6,"Brookefield, Bangalore"
878,Chandu's Kitchen,12.9651273000,77.7125189000,0,"Brookefield, Bangalore"
879,Sri Sai Juice And Tea Coffee Point,12.9507753332,77.7041825652,0,"Marathahalli, Bangalore"
880,Slv Sree Lakshmi Venkateshwara Sweets And Khara,13.0058608566,77.7011513337,0,"KR Puram, Bangalore"
881,Traiaika Foods,12.9703679881,77.6892416552,0,"Marathahalli, Bangalore"
882,Hotel Sai Akshiya Bhavan,13.0046552000,77.7137581000,1,"KR Puram, Bangalore"
883,Dahiya Ji Sweets And Restaurant,12.9677673000,77.7647276000,42,"Whitefield, Bangalore"
884,Vasavi Holige Mane Thindi,13.0044061672,77.7094638348,0,"KR Puram, Bangalore"
885,Tea Day,12.9748131406,77.6939013877,0,"Marathahalli, Bangalore"
886,Sai's Andhra Inn,,,44,"KR Puram, Bangalore"
887,Guntur Tasty Foods,12.9597309998,77.7028645948,0,"Marathahalli, Bangalore"
888,Sri Lakshmi Hotel,12.9917183529,77.6905743778,0,"Marathahalli, Bangalore"
889,Kafe Box,12.9513720000,77.7040630000,0,"Marathahalli, Bangalore"
890,Grand Amaravathi,12.9516964332,77.7041772008,0,"Marathahalli, Bangalore"
891,Slv Food Corner,12.9583221104,77.6997371390,0,"Marathahalli, Bangalore"
892,Acharjee Sweets And Snacks,12.9575949000,77.7145071000,0,"Marathahalli, Bangalore"
893,Chai 365,12.9511030847,77.7049229297,3,"Marathahalli, Bangalore"
894,Juzy Cafe,12.9545946577,77.6981724054,0,"Marathahalli, Bangalore"
895,Sri Durga Parameshwari Upahara,13.0165007697,77.7179335803,0,"Whitefield, Bangalore"
896,Svadu Pure Ghee Sweets,12.9762655767,77.7268116921,0,"Whitefield, Bangalore"
897,Empty Cup,,,0,"KR Puram, Bangalore"
898,Brundavn Hotel,13.0141498000,77.7042432000,0,"KR Puram, Bangalore"
899,Mahalakshmi Sweet & Chats,12.9484993000,77.7154941000,0,"Brookefield, Bangalore"
900,Kokila Restaurant,12.9481800000,77.7152406000,5,"Marathahalli, Bangalore"
901,Akhila Bakery And Tea World,12.9794417000,77.7455449000,0,"ITPL Main Road, Whitefield, Bangalore"
902,Golden Bake And Juice,12.9559202493,77.7167239040,0,"Brookefield, Bangalore"
903,Deli2Go,12.9622207153,77.7166243270,1,"Brookefield, Bangalore"
904,Sri Sai Ruchi's,12.9660228962,77.7140005827,0,"Brookefield, Bangalore"
905,S S Rao's Upahaar,12.9471542889,77.7151725814,5,"Marathahalli, Bangalore"
906,VR Bangarpetr Chat,13.0047481980,77.7165569365,0,"KR Puram, Bangalore"
907,Shri Raghavendra Tiffin Center,12.9790315240,77.6952501386,0,"Marathahalli, Bangalore"
908,Pratiksha Restaurant,12.9497924742,77.7160788327,0,"Marathahalli, Bangalore"
909,KGN Cafe,12.9556706191,77.7194688097,0,"Varthur Main Road, Whitefield, Bangalore"
910,BK Cafe By Burger King,12.9655110000,77.7018480000,0,"Kote MR Plaza, Bangalore"
911,Om Sri Durgamma Hotel,13.0231520269,77.7136280536,0,"KR Puram, Bangalore"
912,Udupi Cafe,12.9872335259,77.7550353456,0,"ITPL Main Road, Whitefield, Bangalore"
913,The Good Food Chefs,12.9671543299,77.7024294063,0,"Marathahalli, Bangalore"
914,One Stop Biryani,12.9889027000,77.7182699000,2,"Whitefield, Bangalore"
915,Green Leaf Hotel,12.9755340624,77.6937370375,0,"Marathahalli, Bangalore"
916,Hotel Sri Sannedi,12.9493269142,77.7044210424,0,"Marathahalli, Bangalore"
917,New Ragam Bakery,12.9673236425,77.7183131276,0,"Brookefield, Bangalore"
918,Ramdev Sagar Pure Veg,13.0086786000,77.6959260000,0,"KR Puram, Bangalore"
919,Swagruha Sweets And Bakes,12.9590281000,77.7203567000,1,"Brookefield, Bangalore"
920,Sri Mukambika Darshini,12.9946785089,77.7170756087,0,"Commercial Street, Bangalore"
921,Dosa.com,12.9830575130,77.7488400645,10,"Whitefield, Bangalore"
922,Priya's Kitchen,12.9925775000,77.7547905000,13,"ITPL Main Road, Whitefield, Bangalore"
923,Sri Sai Canteen,12.9790600000,77.7300200000,0,"Whitefield, Bangalore"
924,Drip The Cafe Bar,13.0164880000,77.7159209000,132,"KR Puram, Bangalore"
925,Bhabatarini Bangali Hotel,12.9988400000,77.7603026000,0,"ITPL Main Road, Whitefield, Bangalore"
926,Andhra Homely Foods,13.0041333915,77.7210519835,0,"KR Puram, Bangalore"
927,O.M.D.S Hotel,12.9979694705,77.7366344209,0,"ITPL Main Road, Whitefield, Bangalore"
928,Fresh And Hot Momos,12.9644914971,77.7547271177,0,"Whitefield, Bangalore"
929,Horanadu Annapurneshwari Restaurant,13.0169043000,77.7046462000,0,"KR Puram, Bangalore"
930,Shree Swaad Cafe,13.0103960442,77.7033876854,11,"KR Puram, Bangalore"
931,KVR Spice Garden,12.9813344964,77.6936012506,0,"Marathahalli, Bangalore"
932,Sri Ranganatha Swamy,12.9650186000,77.7595472000,0,"Varthur Main Road, Whitefield, Bangalore"
933,Nellore Tiffin & Meals,12.9545946577,77.6982576695,1,"Marathahalli, Bangalore"
934,C.K.S Malgudi Kitchen,12.9428182462,77.7498267218,0,"Varthur Main Road, Whitefield, Bangalore"
935,New Athithi Sagar,13.0102608000,77.6978527000,217,"KR Puram, Bangalore"
936,Juicy Garish,12.9582208000,77.7096399000,17,"Marathahalli, Bangalore"
937,Cuisine Meal Restaurant,12.9636726000,77.7103777000,11,"Brookefield, Bangalore"
938,Wood Fire Pizza,12.9917464486,77.7169740200,0,"Whitefield, Bangalore"
939,Mayura Bakery and Sweets,12.9970945000,77.7613620000,0,"Whitefield, Bangalore"
940,Hotel Prithvi,12.9773620000,77.7703280000,11,"ITPL Main Road, Whitefield, Bangalore"
941,Golden Fork,12.9978000000,77.7564100000,0,"ITPL Main Road, Whitefield, Bangalore"
942,Spice X,12.9569907000,77.7321532000,0,"Miraya Rose, Bangalore"
943,Herbaceous,12.9571572638,77.7429636832,0,"Varthur Main Road, Whitefield, Bangalore"
944,Ruchi Mayur Hotel,12.9395450886,77.7293584496,0,"Varthur Main Road, Whitefield, Bangalore"
945,99 Udupi Veg,12.9571900000,77.7154750000,0,"Marathahalli, Bangalore"
946,Aroma's Hyderabad House,12.9486740000,77.6988800000,"2,891","Marathahalli, Bangalore"
947,Spice It - Ibis Bengaluru,12.9296204629,77.6836472377,53,"Ibis Bengaluru, Marathahalli, Bangalore"
948,The Coffee Brewery,12.9257746122,77.6697192601,300,"Bellandur, Bangalore"
949,Delice - Novotel,12.9294531539,77.6834162325,45,"Novotel Bengaluru, Marathahalli, Bangalore"
950,Bla Bla Chai,12.9701519169,77.6820411826,0,"Kaggadasapura, Bangalore"
951,Chez Nous,12.9298865370,77.6831059934,0,"Sarjapur Road, Bangalore"
952,Third Wave Coffee,12.9316853000,77.6854036000,454,"Bellandur, Bangalore"
953,Demitasse Coffee,12.9662490000,77.7147065000,25,"Brookefield, Bangalore"
954,Delhi Wala Tadka,12.9672461399,77.7024505287,128,"Marathahalli, Bangalore"
955,Zed The Baker,12.9418926000,77.6939551000,60,"Prestige Tech Park, Bangalore"
956,Bekal Restaurant,12.9678727998,77.6543011889,"2,732","Jeevan Bhima Nagar, Bangalore"
957,Munchin Cafe,12.9393371000,77.7220553632,285,"Varthur Main Road, Whitefield, Bangalore"
958,TBC- Sky Lounge,12.9417562800,77.6969365776,505,"Kadubeesanahalli, Bangalore"
959,Blue Tokai Coffee Roasters,12.9202917000,77.6860853000,210,"Bellandur, Bangalore"
960,Flavors Of India,12.9301241000,77.6856335000,201,"Bellandur, Bangalore"
961,Starbucks Coffee,12.9240557423,77.6716842502,"1,300","Bellandur, Bangalore"
962,Spice Darbar,12.9909842706,77.6878854632,4,"Iris Inn, Bangalore"
963,Mirch Masala,12.9716691000,77.6816725000,762,"Kaggadasapura, Bangalore"
964,Wah Parantha,12.9263400000,77.6697800000,"1,394","Bellandur, Bangalore"
965,Dindigul Thalappakatti,12.9482848498,77.6995168626,"6,799","Marathahalli, Bangalore"
966,Taste Indies,12.9192549000,77.6966940000,987,"Sarjapur Road, Bangalore"
967,Chai Point,12.9482000000,77.6994000000,"4,647","Marathahalli, Bangalore"
968,Ritomi's Lov,12.9271686549,77.6778573543,"2,389","Bellandur, Bangalore"
969,Subway,12.9861300000,77.6943400000,"1,524","Bagmane World Technology Center, Bangalore"
970,Hotel Salala,12.9589687237,77.6553573087,"1,445","Old Airport Road, Bangalore"
971,Odia Snack Bar,12.9229482733,77.6735866816,609,"Bellandur, Bangalore"
972,Chai Resto,12.9245397070,77.6729891449,0,"Bellandur, Bangalore"
973,Ande Ka Funda,12.9487269435,77.7038754523,16.1K,"Marathahalli, Bangalore"
974,Iyer Idly,12.9726847629,77.6800889522,"1,798","Thippasandra, Bangalore"
975,Chianti,12.9204853000,77.6838051000,128,"RMZ Ecoworld, Bellandur, Bangalore"
976,1By2 Cafe,12.9213599695,77.6810270679,49,"Bellandur, Bangalore"
977,Motis Kitchen,12.9725442737,77.6533724740,29.8K,"Thippasandra, Bangalore"
978,Vaishnavi Vaibhava,12.9850700000,77.6674700000,0,"CV Raman Nagar, Bangalore"
979,Champaran Meat House,12.9362040000,77.7037390000,393,"Kadubeesanahalli, Bangalore"
980,Lets Talk Over Table,12.9680273408,77.6516592130,617,"Jeevan Bhima Nagar, Bangalore"
981,Shree Murugan Idly Shop,12.9684607000,77.6826632000,0,"Kaggadasapura, Bangalore"
982,Some Whispers,12.9327672904,77.7031497713,79,"Kadubeesanahalli, Bangalore"
983,The Odisha Cafe,12.9755653000,77.6794355000,48,"Kaggadasapura, Bangalore"
984,Truly North Indian,12.9278774368,77.6721596718,635,"Bellandur, Bangalore"
985,Kairali Restaurant,12.9281097756,77.6793845370,"9,435","Bellandur, Bangalore"
986,Wooden Fork,12.9249600000,77.6966100000,4,"Kadubeesanahalli, Bangalore"
987,Ghar Ki Rasoi,12.9317825000,77.6862984000,0,"Bellandur, Bangalore"
988,Cremee Fresh Cakes n' Snacks,12.9731362880,77.6761776209,245,"Kaggadasapura, Bangalore"
989,The Salad Studio,12.9271980650,77.6698056981,"4,766","Bellandur, Bangalore"
990,Sri Guru Raghavendra Dosa Camp,12.9585397177,77.6608642191,5,"Old Airport Road, Bangalore"
991,Udupi Nalapaka,12.9316745648,77.6860890538,11.7K,"Bellandur, Bangalore"
992,Udupi Aatithya,12.9255886753,77.6764287427,14.4K,"Bellandur, Bangalore"
993,Belz,12.9266900000,77.6702300000,0,"Bellandur, Bangalore"
994,Udupi Kitchen,12.9259157825,77.6696756110,"1,314","Bellandur, Bangalore"
995,Chaayos Chai+Snacks=Relax,12.9202147089,77.6845796406,909,"RMZ Ecoworld, Bellandur, Bangalore"
996,Atithi Aramane Veg,12.9306135315,77.6849051937,"4,583","Bellandur, Bangalore"
997,Vishal Sweets & Restaurant,12.9490700311,77.7028384432,"9,137","Marathahalli, Bangalore"
998,Udupi Vaibhav Veg,12.9501875000,77.6896875000,"1,258","Marathahalli, Bangalore"
999,Kerala Panoor Restaurant,12.9306252953,77.6849719137,23.7K,"Bellandur, Bangalore"
